timestamp,amount,merchant,user_location,channel,risk_score,is_fraud
2022-01-01T00:00:00.000,30.52,Bank Service Charge / VAT,LAGOS_NGR,Corporate_Mobile_Banking,0.82,0
2022-01-02T14:25:15.000,30.6,Bank Service Charge / VAT,LAGOS_NGR,Corporate_Mobile_Banking,0.82,0
2022-01-04T04:50:31.000,30.7,Bank Service Charge / VAT,LAGOS_NGR,Corporate_Mobile_Banking,0.82,0
2022-01-05T19:15:47.000,30.8,Bank Service Charge / VAT,LAGOS_NGR,Corporate_Mobile_Banking,0.82,0
2022-01-07T09:41:03.000,30.89,Bank Service Charge / VAT,LAGOS_NGR,Corporate_Mobile_Banking,0.82,0
2022-01-09T00:06:18.000,30.99,Bank Service Charge / VAT,LAGOS_NGR,Corporate_Mobile_Banking,0.82,0
2022-01-10T14:31:34.000,31.09,Bank Service Charge / VAT,LAGOS_NGR,Corporate_Mobile_Banking,0.82,0
2022-01-12T04:56:50.000,31.18,Bank Service Charge / VAT,LAGOS_NGR,Corporate_Mobile_Banking,0.82,0
2022-01-13T19:22:06.000,31.28,Bank Service Charge / VAT,LAGOS_NGR,Corporate_Mobile_Banking,0.82,0
2022-01-15T09:47:22.000,31.37,Bank Service Charge / VAT,LAGOS_NGR,Corporate_Mobile_Banking,0.82,0
2022-01-17T00:12:37.000,31.47,Bank Service Charge / VAT,LAGOS_NGR,Corporate_Mobile_Banking,0.82,0
2022-01-18T14:37:53.000,31.57,Bank Service Charge / VAT,LAGOS_NGR,Corporate_Mobile_Banking,0.82,0
2022-01-20T05:03:09.000,31.66,Bank Service Charge / VAT,LAGOS_NGR,Corporate_Mobile_Banking,0.82,0
2022-01-21T19:28:25.000,31.76,Bank Service Charge / VAT,LAGOS_NGR,Corporate_Mobile_Banking,0.82,0
2022-01-23T09:53:41.000,31.86,Bank Service Charge / VAT,LAGOS_NGR,Corporate_Mobile_Banking,0.82,0
2022-01-25T00:18:56.000,31.95,Bank Service Charge / VAT,LAGOS_NGR,Corporate_Mobile_Banking,0.82,0
2022-01-26T14:44:12.000,32.05,Bank Service Charge / VAT,LAGOS_NGR,Corporate_Mobile_Banking,0.82,0
2022-01-28T05:09:28.000,32.15,Bank Service Charge / VAT,LAGOS_NGR,Corporate_Mobile_Banking,0.82,0
2022-01-29T19:34:44.000,32.24,Bank Service Charge / VAT,LAGOS_NGR,Corporate_Mobile_Banking,0.82,0
2022-01-31T10:00:00.000,32.34,Bank Service Charge / VAT,LAGOS_NGR,Corporate_Mobile_Banking,0.82,0
2022-02-02T00:25:15.000,32.43,Bank Service Charge / VAT,LAGOS_NGR,Corporate_Mobile_Banking,0.82,0
2022-02-03T14:50:31.000,32.53,Bank Service Charge / VAT,LAGOS_NGR,Corporate_Mobile_Banking,0.82,0
2022-02-05T05:15:47.000,32.63,Bank Service Charge / VAT,LAGOS_NGR,Corporate_Mobile_Banking,0.82,0
2022-02-06T19:41:03.000,32.72,Bank Service Charge / VAT,LAGOS_NGR,Corporate_Mobile_Banking,0.82,0
2022-02-08T10:06:18.000,32.82,Bank Service Charge / VAT,LAGOS_NGR,Corporate_Mobile_Banking,0.82,0
2022-02-10T00:31:34.000,32.92,Bank Service Charge / VAT,LAGOS_NGR,Corporate_Mobile_Banking,0.82,0
2022-02-11T14:56:50.000,33.01,Bank Service Charge / VAT,LAGOS_NGR,Corporate_Mobile_Banking,0.82,0
2022-02-13T05:22:06.000,33.11,Bank Service Charge / VAT,LAGOS_NGR,Corporate_Mobile_Banking,0.82,0
2022-02-14T19:47:22.000,33.21,Bank Service Charge / VAT,LAGOS_NGR,Corporate_Mobile_Banking,0.82,0
2022-02-16T10:12:37.000,33.3,Bank Service Charge / VAT,LAGOS_NGR,Corporate_Mobile_Banking,0.82,0
2022-02-18T00:37:53.000,33.4,Bank Service Charge / VAT,LAGOS_NGR,Corporate_Mobile_Banking,0.82,0
2022-02-19T15:03:09.000,33.49,Bank Service Charge / VAT,LAGOS_NGR,Corporate_Mobile_Banking,0.82,0
2022-02-21T05:28:25.000,33.59,Bank Service Charge / VAT,LAGOS_NGR,Corporate_Mobile_Banking,0.82,0
2022-02-22T19:53:41.000,33.69,Bank Service Charge / VAT,LAGOS_NGR,Corporate_Mobile_Banking,0.82,0
2022-02-24T10:18:56.000,33.78,Bank Service Charge / VAT,LAGOS_NGR,Corporate_Mobile_Banking,0.82,0
2022-02-26T00:44:12.000,33.88,Bank Service Charge / VAT,LAGOS_NGR,Corporate_Mobile_Banking,0.82,0
2022-02-27T15:09:28.000,33.98,Bank Service Charge / VAT,LAGOS_NGR,Corporate_Mobile_Banking,0.82,0
2022-03-01T05:34:44.000,34.07,Bank Service Charge / VAT,LAGOS_NGR,Corporate_Mobile_Banking,0.82,0
2022-03-02T20:00:00.000,34.17,Bank Service Charge / VAT,LAGOS_NGR,Corporate_Mobile_Banking,0.82,0
2022-03-04T10:25:15.000,34.27,Bank Service Charge / VAT,LAGOS_NGR,Corporate_Mobile_Banking,0.82,0
2022-03-06T00:50:31.000,34.36,Bank Service Charge / VAT,LAGOS_NGR,Corporate_Mobile_Banking,0.82,0
2022-03-07T15:15:47.000,34.46,Bank Service Charge / VAT,LAGOS_NGR,Corporate_Mobile_Banking,0.82,0
2022-03-09T05:41:03.000,34.55,Bank Service Charge / VAT,LAGOS_NGR,Corporate_Mobile_Banking,0.82,0
2022-03-10T20:06:18.000,34.65,Bank Service Charge / VAT,LAGOS_NGR,Corporate_Mobile_Banking,0.82,0
2022-03-12T10:31:34.000,34.75,Bank Service Charge / VAT,LAGOS_NGR,Corporate_Mobile_Banking,0.82,0
2022-03-14T00:56:50.000,34.84,Bank Service Charge / VAT,LAGOS_NGR,Corporate_Mobile_Banking,0.82,0
2022-03-15T15:22:06.000,34.94,Bank Service Charge / VAT,LAGOS_NGR,Corporate_Mobile_Banking,0.82,0
2022-03-17T05:47:22.000,35.04,Bank Service Charge / VAT,LAGOS_NGR,Corporate_Mobile_Banking,0.82,0
2022-03-18T20:12:37.000,35.13,Bank Service Charge / VAT,LAGOS_NGR,Corporate_Mobile_Banking,0.82,0
2022-03-20T10:37:53.000,35.23,Bank Service Charge / VAT,LAGOS_NGR,Corporate_Mobile_Banking,0.82,0
2022-03-22T01:03:09.000,35.33,Bank Service Charge / VAT,LAGOS_NGR,Corporate_Mobile_Banking,0.82,0
2022-03-23T15:28:25.000,35.42,Bank Service Charge / VAT,LAGOS_NGR,Corporate_Mobile_Banking,0.82,0
2022-03-25T05:53:41.000,35.52,Bank Service Charge / VAT,LAGOS_NGR,Corporate_Mobile_Banking,0.82,0
2022-03-26T20:18:56.000,35.61,Bank Service Charge / VAT,LAGOS_NGR,Corporate_Mobile_Banking,0.82,0
2022-03-28T10:44:12.000,35.71,Bank Service Charge / VAT,LAGOS_NGR,Corporate_Mobile_Banking,0.82,0
2022-03-30T01:09:28.000,35.81,Bank Service Charge / VAT,LAGOS_NGR,Corporate_Mobile_Banking,0.82,0
2022-03-31T15:34:44.000,35.9,Bank Service Charge / VAT,LAGOS_NGR,Corporate_Mobile_Banking,0.82,0
2022-04-02T06:00:00.000,36.0,Bank Service Charge / VAT,LAGOS_NGR,Corporate_Mobile_Banking,0.82,0
2022-04-03T20:25:15.000,36.1,Bank Service Charge / VAT,LAGOS_NGR,Corporate_Mobile_Banking,0.82,0
2022-04-05T10:50:31.000,36.19,Bank Service Charge / VAT,LAGOS_NGR,Corporate_Mobile_Banking,0.82,0
2022-04-07T01:15:47.000,36.29,Bank Service Charge / VAT,LAGOS_NGR,Corporate_Mobile_Banking,0.82,0
2022-04-08T15:41:03.000,36.39,Bank Service Charge / VAT,LAGOS_NGR,Corporate_Mobile_Banking,0.82,0
2022-04-10T06:06:18.000,36.48,Bank Service Charge / VAT,LAGOS_NGR,Corporate_Mobile_Banking,0.82,0
2022-04-11T20:31:34.000,36.58,Bank Service Charge / VAT,LAGOS_NGR,Corporate_Mobile_Banking,0.82,0
2022-04-13T10:56:50.000,36.67,Bank Service Charge / VAT,LAGOS_NGR,Corporate_Mobile_Banking,0.82,0
2022-04-15T01:22:06.000,36.77,Bank Service Charge / VAT,LAGOS_NGR,Corporate_Mobile_Banking,0.82,0
2022-04-16T15:47:22.000,36.87,Bank Service Charge / VAT,LAGOS_NGR,Corporate_Mobile_Banking,0.82,0
2022-04-18T06:12:37.000,36.96,Bank Service Charge / VAT,LAGOS_NGR,Corporate_Mobile_Banking,0.82,0
2022-04-19T20:37:53.000,37.06,Bank Service Charge / VAT,LAGOS_NGR,Corporate_Mobile_Banking,0.82,0
2022-04-21T11:03:09.000,37.16,Bank Service Charge / VAT,LAGOS_NGR,Corporate_Mobile_Banking,0.82,0
2022-04-23T01:28:25.000,37.25,Bank Service Charge / VAT,LAGOS_NGR,Corporate_Mobile_Banking,0.82,0
2022-04-24T15:53:41.000,37.35,Bank Service Charge / VAT,LAGOS_NGR,Corporate_Mobile_Banking,0.82,0
2022-04-26T06:18:56.000,37.45,Bank Service Charge / VAT,LAGOS_NGR,Corporate_Mobile_Banking,0.82,0
2022-04-27T20:44:12.000,37.54,Bank Service Charge / VAT,LAGOS_NGR,Corporate_Mobile_Banking,0.82,0
2022-04-29T11:09:28.000,37.64,Bank Service Charge / VAT,LAGOS_NGR,Corporate_Mobile_Banking,0.82,0
2022-05-01T01:34:44.000,37.73,Bank Service Charge / VAT,LAGOS_NGR,Corporate_Mobile_Banking,0.82,0
2022-05-02T16:00:00.000,37.83,Bank Service Charge / VAT,LAGOS_NGR,Corporate_Mobile_Banking,0.82,0
2022-05-04T06:25:15.000,37.93,Bank Service Charge / VAT,LAGOS_NGR,Corporate_Mobile_Banking,0.82,0
2022-05-05T20:50:31.000,38.02,Bank Service Charge / VAT,LAGOS_NGR,Corporate_Mobile_Banking,0.82,0
2022-05-07T11:15:47.000,38.12,Bank Service Charge / VAT,LAGOS_NGR,Corporate_Mobile_Banking,0.82,0
2022-05-09T01:41:03.000,38.22,Bank Service Charge / VAT,LAGOS_NGR,Corporate_Mobile_Banking,0.82,0
2022-05-10T16:06:18.000,38.31,Bank Service Charge / VAT,LAGOS_NGR,Corporate_Mobile_Banking,0.82,0
2022-05-12T06:31:34.000,38.41,Bank Service Charge / VAT,LAGOS_NGR,Corporate_Mobile_Banking,0.82,0
2022-05-13T20:56:50.000,38.51,Bank Service Charge / VAT,LAGOS_NGR,Corporate_Mobile_Banking,0.82,0
2022-05-15T11:22:06.000,38.6,Bank Service Charge / VAT,LAGOS_NGR,Corporate_Mobile_Banking,0.82,0
2022-05-17T01:47:22.000,38.7,Bank Service Charge / VAT,LAGOS_NGR,Corporate_Mobile_Banking,0.82,0
2022-05-18T16:12:37.000,38.79,Bank Service Charge / VAT,LAGOS_NGR,Corporate_Mobile_Banking,0.82,0
2022-05-20T06:37:53.000,38.89,Bank Service Charge / VAT,LAGOS_NGR,Corporate_Mobile_Banking,0.82,0
2022-05-21T21:03:09.000,38.99,Bank Service Charge / VAT,LAGOS_NGR,Corporate_Mobile_Banking,0.82,0
2022-05-23T11:28:25.000,39.08,Bank Service Charge / VAT,LAGOS_NGR,Corporate_Mobile_Banking,0.82,0
2022-05-25T01:53:41.000,39.18,Bank Service Charge / VAT,LAGOS_NGR,Corporate_Mobile_Banking,0.82,0
2022-05-26T16:18:56.000,39.28,Bank Service Charge / VAT,LAGOS_NGR,Corporate_Mobile_Banking,0.82,0
2022-05-28T06:44:12.000,39.37,Bank Service Charge / VAT,LAGOS_NGR,Corporate_Mobile_Banking,0.82,0
2022-05-29T21:09:28.000,39.47,Bank Service Charge / VAT,LAGOS_NGR,Corporate_Mobile_Banking,0.82,0
2022-05-31T11:34:44.000,39.57,Bank Service Charge / VAT,LAGOS_NGR,Corporate_Mobile_Banking,0.82,0
2022-06-02T02:00:00.000,39.66,Bank Service Charge / VAT,LAGOS_NGR,Corporate_Mobile_Banking,0.82,0
2022-06-03T16:25:15.000,39.76,Bank Service Charge / VAT,LAGOS_NGR,Corporate_Mobile_Banking,0.82,0
2022-06-05T06:50:31.000,39.85,Bank Service Charge / VAT,LAGOS_NGR,Corporate_Mobile_Banking,0.82,0
2022-06-06T21:15:47.000,39.95,Bank Service Charge / VAT,LAGOS_NGR,Corporate_Mobile_Banking,0.82,0
2022-06-08T11:41:03.000,40.05,Bank Service Charge / VAT,LAGOS_NGR,Corporate_Mobile_Banking,0.82,0
2022-06-10T02:06:18.000,40.14,Bank Service Charge / VAT,LAGOS_NGR,Corporate_Mobile_Banking,0.82,0
2022-06-11T16:31:34.000,40.24,Bank Service Charge / VAT,LAGOS_NGR,Corporate_Mobile_Banking,0.82,0
2022-06-13T06:56:50.000,40.34,Bank Service Charge / VAT,LAGOS_NGR,Corporate_Mobile_Banking,0.82,0
2022-06-14T21:22:06.000,40.43,Bank Service Charge / VAT,LAGOS_NGR,Corporate_Mobile_Banking,0.82,0
2022-06-16T11:47:22.000,40.53,Bank Service Charge / VAT,LAGOS_NGR,Corporate_Mobile_Banking,0.82,0
2022-06-18T02:12:37.000,40.63,Bank Service Charge / VAT,LAGOS_NGR,Corporate_Mobile_Banking,0.82,0
2022-06-19T16:37:53.000,40.72,Bank Service Charge / VAT,LAGOS_NGR,Corporate_Mobile_Banking,0.82,0
2022-06-21T07:03:09.000,40.82,Bank Service Charge / VAT,LAGOS_NGR,Corporate_Mobile_Banking,0.82,0
2022-06-22T21:28:25.000,40.91,Bank Service Charge / VAT,LAGOS_NGR,Corporate_Mobile_Banking,0.82,0
2022-06-24T11:53:41.000,41.01,Bank Service Charge / VAT,LAGOS_NGR,Corporate_Mobile_Banking,0.82,0
2022-06-26T02:18:56.000,41.11,Bank Service Charge / VAT,LAGOS_NGR,Corporate_Mobile_Banking,0.82,0
2022-06-27T16:44:12.000,41.2,Bank Service Charge / VAT,LAGOS_NGR,Corporate_Mobile_Banking,0.82,0
2022-06-29T07:09:28.000,41.3,Bank Service Charge / VAT,LAGOS_NGR,Corporate_Mobile_Banking,0.82,0
2022-06-30T21:34:44.000,41.4,Bank Service Charge / VAT,LAGOS_NGR,Corporate_Mobile_Banking,0.82,0
2022-07-02T12:00:00.000,41.49,Bank Service Charge / VAT,LAGOS_NGR,Corporate_Mobile_Banking,0.82,0
2022-07-04T02:25:15.000,41.59,Bank Service Charge / VAT,LAGOS_NGR,Corporate_Mobile_Banking,0.82,0
2022-07-05T16:50:31.000,41.69,Bank Service Charge / VAT,LAGOS_NGR,Corporate_Mobile_Banking,0.82,0
2022-07-07T07:15:47.000,41.78,Bank Service Charge / VAT,LAGOS_NGR,Corporate_Mobile_Banking,0.82,0
2022-07-08T21:41:03.000,41.88,Bank Service Charge / VAT,LAGOS_NGR,Corporate_Mobile_Banking,0.82,0
2022-07-10T12:06:18.000,41.97,Bank Service Charge / VAT,LAGOS_NGR,Corporate_Mobile_Banking,0.82,0
2022-07-12T02:31:34.000,42.07,Bank Service Charge / VAT,LAGOS_NGR,Corporate_Mobile_Banking,0.82,0
2022-07-13T16:56:50.000,42.17,Bank Service Charge / VAT,LAGOS_NGR,Corporate_Mobile_Banking,0.82,0
2022-07-15T07:22:06.000,42.26,Bank Service Charge / VAT,LAGOS_NGR,Corporate_Mobile_Banking,0.82,0
2022-07-16T21:47:22.000,42.36,Bank Service Charge / VAT,LAGOS_NGR,Corporate_Mobile_Banking,0.82,0
2022-07-18T12:12:37.000,42.46,Bank Service Charge / VAT,LAGOS_NGR,Corporate_Mobile_Banking,0.82,0
2022-07-20T02:37:53.000,42.55,Bank Service Charge / VAT,LAGOS_NGR,Corporate_Mobile_Banking,0.82,0
2022-07-21T17:03:09.000,42.65,Bank Service Charge / VAT,LAGOS_NGR,Corporate_Mobile_Banking,0.82,0
2022-07-23T07:28:25.000,42.75,Bank Service Charge / VAT,LAGOS_NGR,Corporate_Mobile_Banking,0.82,0
2022-07-24T21:53:41.000,42.84,Bank Service Charge / VAT,LAGOS_NGR,Corporate_Mobile_Banking,0.82,0
2022-07-26T12:18:56.000,42.94,Bank Service Charge / VAT,LAGOS_NGR,Corporate_Mobile_Banking,0.82,0
2022-07-28T02:44:12.000,43.03,Bank Service Charge / VAT,LAGOS_NGR,Corporate_Mobile_Banking,0.82,0
2022-07-29T17:09:28.000,43.13,Bank Service Charge / VAT,LAGOS_NGR,Corporate_Mobile_Banking,0.82,0
2022-07-31T07:34:44.000,43.23,Bank Service Charge / VAT,LAGOS_NGR,Corporate_Mobile_Banking,0.82,0
2022-08-01T22:00:00.000,43.32,Bank Service Charge / VAT,LAGOS_NGR,Corporate_Mobile_Banking,0.82,0
2022-08-03T12:25:15.000,43.42,Bank Service Charge / VAT,LAGOS_NGR,Corporate_Mobile_Banking,0.82,0
2022-08-05T02:50:31.000,43.52,Bank Service Charge / VAT,LAGOS_NGR,Corporate_Mobile_Banking,0.82,0
2022-08-06T17:15:47.000,43.61,Bank Service Charge / VAT,LAGOS_NGR,Corporate_Mobile_Banking,0.82,0
2022-08-08T07:41:03.000,43.71,Bank Service Charge / VAT,LAGOS_NGR,Corporate_Mobile_Banking,0.82,0
2022-08-09T22:06:18.000,43.81,Bank Service Charge / VAT,LAGOS_NGR,Corporate_Mobile_Banking,0.82,0
2022-08-11T12:31:34.000,43.9,Bank Service Charge / VAT,LAGOS_NGR,Corporate_Mobile_Banking,0.82,0
2022-08-13T02:56:50.000,44.0,Bank Service Charge / VAT,LAGOS_NGR,Corporate_Mobile_Banking,0.82,0
2022-08-14T17:22:06.000,44.09,Bank Service Charge / VAT,LAGOS_NGR,Corporate_Mobile_Banking,0.82,0
2022-08-16T07:47:22.000,44.19,Bank Service Charge / VAT,LAGOS_NGR,Corporate_Mobile_Banking,0.82,0
2022-08-17T22:12:37.000,44.29,Bank Service Charge / VAT,LAGOS_NGR,Corporate_Mobile_Banking,0.82,0
2022-08-19T12:37:53.000,44.38,Bank Service Charge / VAT,LAGOS_NGR,Corporate_Mobile_Banking,0.82,0
2022-08-21T03:03:09.000,44.48,Bank Service Charge / VAT,LAGOS_NGR,Corporate_Mobile_Banking,0.82,0
2022-08-22T17:28:25.000,44.58,Bank Service Charge / VAT,LAGOS_NGR,Corporate_Mobile_Banking,0.82,0
2022-08-24T07:53:41.000,44.67,Bank Service Charge / VAT,LAGOS_NGR,Corporate_Mobile_Banking,0.82,0
2022-08-25T22:18:56.000,44.77,Bank Service Charge / VAT,LAGOS_NGR,Corporate_Mobile_Banking,0.82,0
2022-08-27T12:44:12.000,44.87,Bank Service Charge / VAT,LAGOS_NGR,Corporate_Mobile_Banking,0.82,0
2022-08-29T03:09:28.000,44.96,Bank Service Charge / VAT,LAGOS_NGR,Corporate_Mobile_Banking,0.82,0
2022-08-30T17:34:44.000,45.06,Bank Service Charge / VAT,LAGOS_NGR,Corporate_Mobile_Banking,0.82,0
2022-09-01T08:00:00.000,45.15,Bank Service Charge / VAT,LAGOS_NGR,Corporate_Mobile_Banking,0.82,0
2022-09-02T22:25:15.000,45.25,Bank Service Charge / VAT,LAGOS_NGR,Corporate_Mobile_Banking,0.82,0
2022-09-04T12:50:31.000,45.35,Bank Service Charge / VAT,LAGOS_NGR,Corporate_Mobile_Banking,0.82,0
2022-09-06T03:15:47.000,45.44,Bank Service Charge / VAT,LAGOS_NGR,Corporate_Mobile_Banking,0.82,0
2022-09-07T17:41:03.000,45.54,Bank Service Charge / VAT,LAGOS_NGR,Corporate_Mobile_Banking,0.82,0
2022-09-09T08:06:18.000,45.64,Bank Service Charge / VAT,LAGOS_NGR,Corporate_Mobile_Banking,0.82,0
2022-09-10T22:31:34.000,45.73,Bank Service Charge / VAT,LAGOS_NGR,Corporate_Mobile_Banking,0.82,0
2022-09-12T12:56:50.000,45.83,Bank Service Charge / VAT,LAGOS_NGR,Corporate_Mobile_Banking,0.82,0
2022-09-14T03:22:06.000,45.93,Bank Service Charge / VAT,LAGOS_NGR,Corporate_Mobile_Banking,0.82,0
2022-09-15T17:47:22.000,46.02,Bank Service Charge / VAT,LAGOS_NGR,Corporate_Mobile_Banking,0.82,0
2022-09-17T08:12:37.000,46.12,Bank Service Charge / VAT,LAGOS_NGR,Corporate_Mobile_Banking,0.82,0
2022-09-18T22:37:53.000,46.21,Bank Service Charge / VAT,LAGOS_NGR,Corporate_Mobile_Banking,0.82,0
2022-09-20T13:03:09.000,46.31,Bank Service Charge / VAT,LAGOS_NGR,Corporate_Mobile_Banking,0.82,0
2022-09-22T03:28:25.000,46.41,Bank Service Charge / VAT,LAGOS_NGR,Corporate_Mobile_Banking,0.82,0
2022-09-23T17:53:41.000,46.5,Bank Service Charge / VAT,LAGOS_NGR,Corporate_Mobile_Banking,0.82,0
2022-09-25T08:18:56.000,46.6,Bank Service Charge / VAT,LAGOS_NGR,Corporate_Mobile_Banking,0.82,0
2022-09-26T22:44:12.000,46.7,Bank Service Charge / VAT,LAGOS_NGR,Corporate_Mobile_Banking,0.82,0
2022-09-28T13:09:28.000,46.79,Bank Service Charge / VAT,LAGOS_NGR,Corporate_Mobile_Banking,0.82,0
2022-09-30T03:34:44.000,46.89,Bank Service Charge / VAT,LAGOS_NGR,Corporate_Mobile_Banking,0.82,0
2022-10-01T18:00:00.000,46.99,Bank Service Charge / VAT,LAGOS_NGR,Corporate_Mobile_Banking,0.82,0
2022-10-03T08:25:15.000,47.08,Bank Service Charge / VAT,LAGOS_NGR,Corporate_Mobile_Banking,0.82,0
2022-10-04T22:50:31.000,47.18,Bank Service Charge / VAT,LAGOS_NGR,Corporate_Mobile_Banking,0.82,0
2022-10-06T13:15:47.000,47.27,Bank Service Charge / VAT,LAGOS_NGR,Corporate_Mobile_Banking,0.82,0
2022-10-08T03:41:03.000,47.37,Bank Service Charge / VAT,LAGOS_NGR,Corporate_Mobile_Banking,0.82,0
2022-10-09T18:06:18.000,47.47,Bank Service Charge / VAT,LAGOS_NGR,Corporate_Mobile_Banking,0.82,0
2022-10-11T08:31:34.000,47.56,Bank Service Charge / VAT,LAGOS_NGR,Corporate_Mobile_Banking,0.82,0
2022-10-12T22:56:50.000,47.66,Bank Service Charge / VAT,LAGOS_NGR,Corporate_Mobile_Banking,0.82,0
2022-10-14T13:22:06.000,47.76,Bank Service Charge / VAT,LAGOS_NGR,Corporate_Mobile_Banking,0.82,0
2022-10-16T03:47:22.000,47.85,Bank Service Charge / VAT,LAGOS_NGR,Corporate_Mobile_Banking,0.82,0
2022-10-17T18:12:37.000,47.95,Bank Service Charge / VAT,LAGOS_NGR,Corporate_Mobile_Banking,0.82,0
2022-10-19T08:37:53.000,48.05,Bank Service Charge / VAT,LAGOS_NGR,Corporate_Mobile_Banking,0.82,0
2022-10-20T23:03:09.000,48.14,Bank Service Charge / VAT,LAGOS_NGR,Corporate_Mobile_Banking,0.82,0
2022-10-22T13:28:25.000,48.24,Bank Service Charge / VAT,LAGOS_NGR,Corporate_Mobile_Banking,0.82,0
2022-10-24T03:53:41.000,48.33,Bank Service Charge / VAT,LAGOS_NGR,Corporate_Mobile_Banking,0.82,0
2022-10-25T18:18:56.000,48.43,Bank Service Charge / VAT,LAGOS_NGR,Corporate_Mobile_Banking,0.82,0
2022-10-27T08:44:12.000,48.53,Bank Service Charge / VAT,LAGOS_NGR,Corporate_Mobile_Banking,0.82,0
2022-10-28T23:09:28.000,48.62,Bank Service Charge / VAT,LAGOS_NGR,Corporate_Mobile_Banking,0.82,0
2022-10-30T13:34:44.000,48.72,Bank Service Charge / VAT,LAGOS_NGR,Corporate_Mobile_Banking,0.82,0
2022-11-01T04:00:00.000,48.82,Bank Service Charge / VAT,LAGOS_NGR,Corporate_Mobile_Banking,0.82,0
2022-11-02T18:25:15.000,48.91,Bank Service Charge / VAT,LAGOS_NGR,Corporate_Mobile_Banking,0.82,0
2022-11-04T08:50:31.000,49.01,Bank Service Charge / VAT,LAGOS_NGR,Corporate_Mobile_Banking,0.82,0
2022-11-05T23:15:47.000,49.11,Bank Service Charge / VAT,LAGOS_NGR,Corporate_Mobile_Banking,0.82,0
2022-11-07T13:41:03.000,49.2,Bank Service Charge / VAT,LAGOS_NGR,Corporate_Mobile_Banking,0.82,0
2022-11-09T04:06:18.000,49.3,Bank Service Charge / VAT,LAGOS_NGR,Corporate_Mobile_Banking,0.82,0
2022-11-10T18:31:34.000,49.39,Bank Service Charge / VAT,LAGOS_NGR,Corporate_Mobile_Banking,0.82,0
2022-11-12T08:56:50.000,49.49,Bank Service Charge / VAT,LAGOS_NGR,Corporate_Mobile_Banking,0.82,0
2022-11-13T23:22:06.000,49.59,Bank Service Charge / VAT,LAGOS_NGR,Corporate_Mobile_Banking,0.82,0
2022-11-15T13:47:22.000,49.68,Bank Service Charge / VAT,LAGOS_NGR,Corporate_Mobile_Banking,0.82,0
2022-11-17T04:12:37.000,49.78,Bank Service Charge / VAT,LAGOS_NGR,Corporate_Mobile_Banking,0.82,0
2022-11-18T18:37:53.000,49.88,Bank Service Charge / VAT,LAGOS_NGR,Corporate_Mobile_Banking,0.82,0
2022-11-20T09:03:09.000,49.97,Bank Service Charge / VAT,LAGOS_NGR,Corporate_Mobile_Banking,0.82,0
2022-11-21T23:28:25.000,50.07,Bank Service Charge / VAT,LAGOS_NGR,Corporate_Mobile_Banking,0.82,0
2022-11-23T13:53:41.000,50.17,Bank Service Charge / VAT,LAGOS_NGR,Corporate_Mobile_Banking,0.82,0
2022-11-25T04:18:56.000,50.26,Bank Service Charge / VAT,LAGOS_NGR,Corporate_Mobile_Banking,0.82,0
2022-11-26T18:44:12.000,50.36,Bank Service Charge / VAT,LAGOS_NGR,Corporate_Mobile_Banking,0.82,0
2022-11-28T09:09:28.000,50.46,Bank Service Charge / VAT,LAGOS_NGR,Corporate_Mobile_Banking,0.82,0
2022-11-29T23:34:44.000,50.55,Bank Service Charge / VAT,LAGOS_NGR,Corporate_Mobile_Banking,0.82,0
2022-12-01T14:00:00.000,50.65,Bank Service Charge / VAT,LAGOS_NGR,Corporate_Mobile_Banking,0.82,0
2022-12-03T04:25:15.000,50.74,Bank Service Charge / VAT,LAGOS_NGR,Corporate_Mobile_Banking,0.82,0
2022-12-04T18:50:31.000,50.84,Bank Service Charge / VAT,LAGOS_NGR,Corporate_Mobile_Banking,0.82,0
2022-12-06T09:15:47.000,50.94,Bank Service Charge / VAT,LAGOS_NGR,Corporate_Mobile_Banking,0.82,0
2022-12-07T23:41:03.000,51.03,Bank Service Charge / VAT,LAGOS_NGR,Corporate_Mobile_Banking,0.82,0
2022-12-09T14:06:18.000,51.13,Bank Service Charge / VAT,LAGOS_NGR,Corporate_Mobile_Banking,0.82,0
2022-12-11T04:31:34.000,51.23,Bank Service Charge / VAT,LAGOS_NGR,Corporate_Mobile_Banking,0.82,0
2022-12-12T18:56:50.000,51.32,Bank Service Charge / VAT,LAGOS_NGR,Corporate_Mobile_Banking,0.82,0
2022-12-14T09:22:06.000,51.42,Bank Service Charge / VAT,LAGOS_NGR,Corporate_Mobile_Banking,0.82,0
2022-12-15T23:47:22.000,51.52,Bank Service Charge / VAT,LAGOS_NGR,Corporate_Mobile_Banking,0.82,0
2022-12-17T14:12:37.000,51.61,Bank Service Charge / VAT,LAGOS_NGR,Corporate_Mobile_Banking,0.82,0
2022-12-19T04:37:53.000,51.71,Bank Service Charge / VAT,LAGOS_NGR,Corporate_Mobile_Banking,0.82,0
2022-12-20T19:03:09.000,51.8,Bank Service Charge / VAT,LAGOS_NGR,Corporate_Mobile_Banking,0.82,0
2022-12-22T09:28:25.000,51.9,Bank Service Charge / VAT,LAGOS_NGR,Corporate_Mobile_Banking,0.82,0
2022-12-23T23:53:41.000,52.0,Bank Service Charge / VAT,LAGOS_NGR,Corporate_Mobile_Banking,0.82,0
2022-12-25T14:18:56.000,52.09,Bank Service Charge / VAT,LAGOS_NGR,Corporate_Mobile_Banking,0.82,0
2022-12-27T04:44:12.000,52.19,Bank Service Charge / VAT,LAGOS_NGR,Corporate_Mobile_Banking,0.82,0
2022-12-28T19:09:28.000,52.29,Bank Service Charge / VAT,LAGOS_NGR,Corporate_Mobile_Banking,0.82,0
2022-12-30T09:34:44.000,52.38,Bank Service Charge / VAT,LAGOS_NGR,Corporate_Mobile_Banking,0.82,0
2023-01-01T00:00:00.000,52.48,Bank Service Charge / VAT,LAGOS_NGR,Corporate_Mobile_Banking,0.82,0
2023-01-02T14:25:15.000,52.58,Bank Service Charge / VAT,LAGOS_NGR,Corporate_Mobile_Banking,0.82,0
2023-01-04T04:50:31.000,52.67,Bank Service Charge / VAT,LAGOS_NGR,Corporate_Mobile_Banking,0.82,0
2023-01-05T19:15:47.000,52.77,Bank Service Charge / VAT,LAGOS_NGR,Corporate_Mobile_Banking,0.82,0
2023-01-07T09:41:03.000,52.86,Bank Service Charge / VAT,LAGOS_NGR,Corporate_Mobile_Banking,0.82,0
2023-01-09T00:06:18.000,52.96,Bank Service Charge / VAT,LAGOS_NGR,Corporate_Mobile_Banking,0.82,0
2023-01-10T14:31:34.000,53.06,Bank Service Charge / VAT,LAGOS_NGR,Corporate_Mobile_Banking,0.82,0
2023-01-12T04:56:50.000,53.15,Bank Service Charge / VAT,LAGOS_NGR,Corporate_Mobile_Banking,0.82,0
2023-01-13T19:22:06.000,53.25,Bank Service Charge / VAT,LAGOS_NGR,Corporate_Mobile_Banking,0.82,0
2023-01-15T09:47:22.000,53.35,Bank Service Charge / VAT,LAGOS_NGR,Corporate_Mobile_Banking,0.82,0
2023-01-17T00:12:37.000,53.44,Bank Service Charge / VAT,LAGOS_NGR,Corporate_Mobile_Banking,0.82,0
2023-01-18T14:37:53.000,53.54,Bank Service Charge / VAT,LAGOS_NGR,Corporate_Mobile_Banking,0.82,0
2023-01-20T05:03:09.000,53.64,Bank Service Charge / VAT,LAGOS_NGR,Corporate_Mobile_Banking,0.82,0
2023-01-21T19:28:25.000,53.73,Bank Service Charge / VAT,LAGOS_NGR,Corporate_Mobile_Banking,0.82,0
2023-01-23T09:53:41.000,53.83,Bank Service Charge / VAT,LAGOS_NGR,Corporate_Mobile_Banking,0.82,0
2023-01-25T00:18:56.000,53.92,Bank Service Charge / VAT,LAGOS_NGR,Corporate_Mobile_Banking,0.82,0
2023-01-26T14:44:12.000,54.02,Bank Service Charge / VAT,LAGOS_NGR,Corporate_Mobile_Banking,0.82,0
2023-01-28T05:09:28.000,54.12,Bank Service Charge / VAT,LAGOS_NGR,Corporate_Mobile_Banking,0.82,0
2023-01-29T19:34:44.000,54.21,Bank Service Charge / VAT,LAGOS_NGR,Corporate_Mobile_Banking,0.82,0
2023-01-31T10:00:00.000,54.31,Bank Service Charge / VAT,LAGOS_NGR,Corporate_Mobile_Banking,0.82,0
2023-02-02T00:25:15.000,54.41,Bank Service Charge / VAT,LAGOS_NGR,Corporate_Mobile_Banking,0.82,0
2023-02-03T14:50:31.000,54.5,Bank Service Charge / VAT,LAGOS_NGR,Corporate_Mobile_Banking,0.82,0
2023-02-05T05:15:47.000,54.6,Bank Service Charge / VAT,LAGOS_NGR,Corporate_Mobile_Banking,0.82,0
2023-02-06T19:41:03.000,54.7,Bank Service Charge / VAT,LAGOS_NGR,Corporate_Mobile_Banking,0.82,0
2023-02-08T10:06:18.000,54.79,Bank Service Charge / VAT,LAGOS_NGR,Corporate_Mobile_Banking,0.82,0
2023-02-10T00:31:34.000,54.89,Bank Service Charge / VAT,LAGOS_NGR,Corporate_Mobile_Banking,0.82,0
2023-02-11T14:56:50.000,54.98,Bank Service Charge / VAT,LAGOS_NGR,Corporate_Mobile_Banking,0.82,0
2023-02-13T05:22:06.000,55.08,Bank Service Charge / VAT,LAGOS_NGR,Corporate_Mobile_Banking,0.82,0
2023-02-14T19:47:22.000,55.18,Bank Service Charge / VAT,LAGOS_NGR,Corporate_Mobile_Banking,0.82,0
2023-02-16T10:12:37.000,55.27,Bank Service Charge / VAT,LAGOS_NGR,Corporate_Mobile_Banking,0.82,0
2023-02-18T00:37:53.000,55.37,Bank Service Charge / VAT,LAGOS_NGR,Corporate_Mobile_Banking,0.82,0
2023-02-19T15:03:09.000,55.47,Bank Service Charge / VAT,LAGOS_NGR,Corporate_Mobile_Banking,0.82,0
2023-02-21T05:28:25.000,55.56,Bank Service Charge / VAT,LAGOS_NGR,Corporate_Mobile_Banking,0.82,0
2023-02-22T19:53:41.000,55.66,Bank Service Charge / VAT,LAGOS_NGR,Corporate_Mobile_Banking,0.82,0
2023-02-24T10:18:56.000,55.76,Bank Service Charge / VAT,LAGOS_NGR,Corporate_Mobile_Banking,0.82,0
2023-02-26T00:44:12.000,55.85,Bank Service Charge / VAT,LAGOS_NGR,Corporate_Mobile_Banking,0.82,0
2023-02-27T15:09:28.000,55.95,Bank Service Charge / VAT,LAGOS_NGR,Corporate_Mobile_Banking,0.82,0
2023-03-01T05:34:44.000,56.04,Bank Service Charge / VAT,LAGOS_NGR,Corporate_Mobile_Banking,0.82,0
2023-03-02T20:00:00.000,56.14,Bank Service Charge / VAT,LAGOS_NGR,Corporate_Mobile_Banking,0.82,0
2023-03-04T10:25:15.000,56.24,Bank Service Charge / VAT,LAGOS_NGR,Corporate_Mobile_Banking,0.82,0
2023-03-06T00:50:31.000,56.33,Bank Service Charge / VAT,LAGOS_NGR,Corporate_Mobile_Banking,0.82,0
2023-03-07T15:15:47.000,56.43,Bank Service Charge / VAT,LAGOS_NGR,Corporate_Mobile_Banking,0.82,0
2023-03-09T05:41:03.000,56.53,Bank Service Charge / VAT,LAGOS_NGR,Corporate_Mobile_Banking,0.82,0
2023-03-10T20:06:18.000,56.62,Bank Service Charge / VAT,LAGOS_NGR,Corporate_Mobile_Banking,0.82,0
2023-03-12T10:31:34.000,56.72,Bank Service Charge / VAT,LAGOS_NGR,Corporate_Mobile_Banking,0.82,0
2023-03-14T00:56:50.000,56.82,Bank Service Charge / VAT,LAGOS_NGR,Corporate_Mobile_Banking,0.82,0
2023-03-15T15:22:06.000,56.91,Bank Service Charge / VAT,LAGOS_NGR,Corporate_Mobile_Banking,0.82,0
2023-03-17T05:47:22.000,57.01,Bank Service Charge / VAT,LAGOS_NGR,Corporate_Mobile_Banking,0.82,0
2023-03-18T20:12:37.000,57.1,Bank Service Charge / VAT,LAGOS_NGR,Corporate_Mobile_Banking,0.82,0
2023-03-20T10:37:53.000,57.2,Bank Service Charge / VAT,LAGOS_NGR,Corporate_Mobile_Banking,0.82,0
2023-03-22T01:03:09.000,57.3,Bank Service Charge / VAT,LAGOS_NGR,Corporate_Mobile_Banking,0.82,0
2023-03-23T15:28:25.000,57.39,Bank Service Charge / VAT,LAGOS_NGR,Corporate_Mobile_Banking,0.82,0
2023-03-25T05:53:41.000,57.49,Bank Service Charge / VAT,LAGOS_NGR,Corporate_Mobile_Banking,0.82,0
2023-03-26T20:18:56.000,57.59,Bank Service Charge / VAT,LAGOS_NGR,Corporate_Mobile_Banking,0.82,0
2023-03-28T10:44:12.000,57.68,Bank Service Charge / VAT,LAGOS_NGR,Corporate_Mobile_Banking,0.82,0
2023-03-30T01:09:28.000,57.78,Bank Service Charge / VAT,LAGOS_NGR,Corporate_Mobile_Banking,0.82,0
2023-03-31T15:34:44.000,57.88,Bank Service Charge / VAT,LAGOS_NGR,Corporate_Mobile_Banking,0.82,0
2023-04-02T06:00:00.000,57.97,Bank Service Charge / VAT,LAGOS_NGR,Corporate_Mobile_Banking,0.82,0
2023-04-03T20:25:15.000,58.07,Bank Service Charge / VAT,LAGOS_NGR,Corporate_Mobile_Banking,0.82,0
2023-04-05T10:50:31.000,58.16,Bank Service Charge / VAT,LAGOS_NGR,Corporate_Mobile_Banking,0.82,0
2023-04-07T01:15:47.000,58.26,Bank Service Charge / VAT,LAGOS_NGR,Corporate_Mobile_Banking,0.82,0
2023-04-08T15:41:03.000,58.36,Bank Service Charge / VAT,LAGOS_NGR,Corporate_Mobile_Banking,0.82,0
2023-04-10T06:06:18.000,58.45,Bank Service Charge / VAT,LAGOS_NGR,Corporate_Mobile_Banking,0.82,0
2023-04-11T20:31:34.000,58.55,Bank Service Charge / VAT,LAGOS_NGR,Corporate_Mobile_Banking,0.82,0
2023-04-13T10:56:50.000,58.65,Bank Service Charge / VAT,LAGOS_NGR,Corporate_Mobile_Banking,0.82,0
2023-04-15T01:22:06.000,58.74,Bank Service Charge / VAT,LAGOS_NGR,Corporate_Mobile_Banking,0.82,0
2023-04-16T15:47:22.000,58.84,Bank Service Charge / VAT,LAGOS_NGR,Corporate_Mobile_Banking,0.82,0
2023-04-18T06:12:37.000,58.94,Bank Service Charge / VAT,LAGOS_NGR,Corporate_Mobile_Banking,0.82,0
2023-04-19T20:37:53.000,59.03,Bank Service Charge / VAT,LAGOS_NGR,Corporate_Mobile_Banking,0.82,0
2023-04-21T11:03:09.000,59.13,Bank Service Charge / VAT,LAGOS_NGR,Corporate_Mobile_Banking,0.82,0
2023-04-23T01:28:25.000,59.22,Bank Service Charge / VAT,LAGOS_NGR,Corporate_Mobile_Banking,0.82,0
2023-04-24T15:53:41.000,59.32,Bank Service Charge / VAT,LAGOS_NGR,Corporate_Mobile_Banking,0.82,0
2023-04-26T06:18:56.000,59.42,Bank Service Charge / VAT,LAGOS_NGR,Corporate_Mobile_Banking,0.82,0
2023-04-27T20:44:12.000,59.51,Bank Service Charge / VAT,LAGOS_NGR,Corporate_Mobile_Banking,0.82,0
2023-04-29T11:09:28.000,59.61,Bank Service Charge / VAT,LAGOS_NGR,Corporate_Mobile_Banking,0.82,0
2023-05-01T01:34:44.000,59.71,Bank Service Charge / VAT,LAGOS_NGR,Corporate_Mobile_Banking,0.82,0
2023-05-02T16:00:00.000,59.8,Bank Service Charge / VAT,LAGOS_NGR,Corporate_Mobile_Banking,0.82,0
2023-05-04T06:25:15.000,59.9,Bank Service Charge / VAT,LAGOS_NGR,Corporate_Mobile_Banking,0.82,0
2023-05-05T20:50:31.000,60.0,Bank Service Charge / VAT,LAGOS_NGR,Corporate_Mobile_Banking,0.82,0
2023-05-07T11:15:47.000,60.09,Bank Service Charge / VAT,LAGOS_NGR,Corporate_Mobile_Banking,0.82,0
2023-05-09T01:41:03.000,60.19,Bank Service Charge / VAT,LAGOS_NGR,Corporate_Mobile_Banking,0.82,0
2023-05-10T16:06:18.000,60.28,Bank Service Charge / VAT,LAGOS_NGR,Corporate_Mobile_Banking,0.82,0
2023-05-12T06:31:34.000,60.38,Bank Service Charge / VAT,LAGOS_NGR,Corporate_Mobile_Banking,0.82,0
2023-05-13T20:56:50.000,60.48,Bank Service Charge / VAT,LAGOS_NGR,Corporate_Mobile_Banking,0.82,0
2023-05-15T11:22:06.000,60.57,Bank Service Charge / VAT,LAGOS_NGR,Corporate_Mobile_Banking,0.82,0
2023-05-17T01:47:22.000,60.67,Bank Service Charge / VAT,LAGOS_NGR,Corporate_Mobile_Banking,0.82,0
2023-05-18T16:12:37.000,60.77,Bank Service Charge / VAT,LAGOS_NGR,Corporate_Mobile_Banking,0.82,0
2023-05-20T06:37:53.000,60.86,Bank Service Charge / VAT,LAGOS_NGR,Corporate_Mobile_Banking,0.82,0
2023-05-21T21:03:09.000,60.96,Bank Service Charge / VAT,LAGOS_NGR,Corporate_Mobile_Banking,0.82,0
2023-05-23T11:28:25.000,61.06,Bank Service Charge / VAT,LAGOS_NGR,Corporate_Mobile_Banking,0.82,0
2023-05-25T01:53:41.000,61.15,Bank Service Charge / VAT,LAGOS_NGR,Corporate_Mobile_Banking,0.82,0
2023-05-26T16:18:56.000,61.25,Bank Service Charge / VAT,LAGOS_NGR,Corporate_Mobile_Banking,0.82,0
2023-05-28T06:44:12.000,61.34,Bank Service Charge / VAT,LAGOS_NGR,Corporate_Mobile_Banking,0.82,0
2023-05-29T21:09:28.000,61.44,Bank Service Charge / VAT,LAGOS_NGR,Corporate_Mobile_Banking,0.82,0
2023-05-31T11:34:44.000,61.54,Bank Service Charge / VAT,LAGOS_NGR,Corporate_Mobile_Banking,0.82,0
2023-06-02T02:00:00.000,61.63,Bank Service Charge / VAT,LAGOS_NGR,Corporate_Mobile_Banking,0.82,0
2023-06-03T16:25:15.000,61.73,Bank Service Charge / VAT,LAGOS_NGR,Corporate_Mobile_Banking,0.82,0
2023-06-05T06:50:31.000,61.83,Bank Service Charge / VAT,LAGOS_NGR,Corporate_Mobile_Banking,0.82,0
2023-06-06T21:15:47.000,61.92,Bank Service Charge / VAT,LAGOS_NGR,Corporate_Mobile_Banking,0.82,0
2023-06-08T11:41:03.000,62.02,Bank Service Charge / VAT,LAGOS_NGR,Corporate_Mobile_Banking,0.82,0
2023-06-10T02:06:18.000,62.12,Bank Service Charge / VAT,LAGOS_NGR,Corporate_Mobile_Banking,0.82,0
2023-06-11T16:31:34.000,62.21,Bank Service Charge / VAT,LAGOS_NGR,Corporate_Mobile_Banking,0.82,0
2023-06-13T06:56:50.000,62.31,Bank Service Charge / VAT,LAGOS_NGR,Corporate_Mobile_Banking,0.82,0
2023-06-14T21:22:06.000,62.4,Bank Service Charge / VAT,LAGOS_NGR,Corporate_Mobile_Banking,0.82,0
2023-06-16T11:47:22.000,62.5,Bank Service Charge / VAT,LAGOS_NGR,Corporate_Mobile_Banking,0.82,0
2023-06-18T02:12:37.000,62.6,Bank Service Charge / VAT,LAGOS_NGR,Corporate_Mobile_Banking,0.82,0
2023-06-19T16:37:53.000,62.69,Bank Service Charge / VAT,LAGOS_NGR,Corporate_Mobile_Banking,0.82,0
2023-06-21T07:03:09.000,62.79,Bank Service Charge / VAT,LAGOS_NGR,Corporate_Mobile_Banking,0.82,0
2023-06-22T21:28:25.000,62.89,Bank Service Charge / VAT,LAGOS_NGR,Corporate_Mobile_Banking,0.82,0
2023-06-24T11:53:41.000,62.98,Bank Service Charge / VAT,LAGOS_NGR,Corporate_Mobile_Banking,0.82,0
2023-06-26T02:18:56.000,63.08,Bank Service Charge / VAT,LAGOS_NGR,Corporate_Mobile_Banking,0.82,0
2023-06-27T16:44:12.000,63.18,Bank Service Charge / VAT,LAGOS_NGR,Corporate_Mobile_Banking,0.82,0
2023-06-29T07:09:28.000,63.27,Bank Service Charge / VAT,LAGOS_NGR,Corporate_Mobile_Banking,0.82,0
2023-06-30T21:34:44.000,63.37,Bank Service Charge / VAT,LAGOS_NGR,Corporate_Mobile_Banking,0.82,0
2023-07-02T12:00:00.000,63.46,Bank Service Charge / VAT,LAGOS_NGR,Corporate_Mobile_Banking,0.82,0
2023-07-04T02:25:15.000,63.56,Bank Service Charge / VAT,LAGOS_NGR,Corporate_Mobile_Banking,0.82,0
2023-07-05T16:50:31.000,63.66,Bank Service Charge / VAT,LAGOS_NGR,Corporate_Mobile_Banking,0.82,0
2023-07-07T07:15:47.000,63.75,Bank Service Charge / VAT,LAGOS_NGR,Corporate_Mobile_Banking,0.82,0
2023-07-08T21:41:03.000,63.85,Bank Service Charge / VAT,LAGOS_NGR,Corporate_Mobile_Banking,0.82,0
2023-07-10T12:06:18.000,63.95,Bank Service Charge / VAT,LAGOS_NGR,Corporate_Mobile_Banking,0.82,0
2023-07-12T02:31:34.000,64.04,Bank Service Charge / VAT,LAGOS_NGR,Corporate_Mobile_Banking,0.82,0
2023-07-13T16:56:50.000,64.14,Bank Service Charge / VAT,LAGOS_NGR,Corporate_Mobile_Banking,0.82,0
2023-07-15T07:22:06.000,64.24,Bank Service Charge / VAT,LAGOS_NGR,Corporate_Mobile_Banking,0.82,0
2023-07-16T21:47:22.000,64.33,Bank Service Charge / VAT,LAGOS_NGR,Corporate_Mobile_Banking,0.82,0
2023-07-18T12:12:37.000,64.43,Bank Service Charge / VAT,LAGOS_NGR,Corporate_Mobile_Banking,0.82,0
2023-07-20T02:37:53.000,64.52,Bank Service Charge / VAT,LAGOS_NGR,Corporate_Mobile_Banking,0.82,0
2023-07-21T17:03:09.000,64.62,Bank Service Charge / VAT,LAGOS_NGR,Corporate_Mobile_Banking,0.82,0
2023-07-23T07:28:25.000,64.72,Bank Service Charge / VAT,LAGOS_NGR,Corporate_Mobile_Banking,0.82,0
2023-07-24T21:53:41.000,64.81,Bank Service Charge / VAT,LAGOS_NGR,Corporate_Mobile_Banking,0.82,0
2023-07-26T12:18:56.000,64.91,Bank Service Charge / VAT,LAGOS_NGR,Corporate_Mobile_Banking,0.82,0
2023-07-28T02:44:12.000,65.01,Bank Service Charge / VAT,LAGOS_NGR,Corporate_Mobile_Banking,0.82,0
2023-07-29T17:09:28.000,65.1,Bank Service Charge / VAT,LAGOS_NGR,Corporate_Mobile_Banking,0.82,0
2023-07-31T07:34:44.000,65.2,Bank Service Charge / VAT,LAGOS_NGR,Corporate_Mobile_Banking,0.82,0
2023-08-01T22:00:00.000,65.3,Bank Service Charge / VAT,LAGOS_NGR,Corporate_Mobile_Banking,0.82,0
2023-08-03T12:25:15.000,65.39,Bank Service Charge / VAT,LAGOS_NGR,Corporate_Mobile_Banking,0.82,0
2023-08-05T02:50:31.000,65.49,Bank Service Charge / VAT,LAGOS_NGR,Corporate_Mobile_Banking,0.82,0
2023-08-06T17:15:47.000,65.58,Bank Service Charge / VAT,LAGOS_NGR,Corporate_Mobile_Banking,0.82,0
2023-08-08T07:41:03.000,65.68,Bank Service Charge / VAT,LAGOS_NGR,Corporate_Mobile_Banking,0.82,0
2023-08-09T22:06:18.000,65.78,Bank Service Charge / VAT,LAGOS_NGR,Corporate_Mobile_Banking,0.82,0
2023-08-11T12:31:34.000,65.87,Bank Service Charge / VAT,LAGOS_NGR,Corporate_Mobile_Banking,0.82,0
2023-08-13T02:56:50.000,65.97,Bank Service Charge / VAT,LAGOS_NGR,Corporate_Mobile_Banking,0.82,0
2023-08-14T17:22:06.000,66.07,Bank Service Charge / VAT,LAGOS_NGR,Corporate_Mobile_Banking,0.82,0
2023-08-16T07:47:22.000,66.16,Bank Service Charge / VAT,LAGOS_NGR,Corporate_Mobile_Banking,0.82,0
2023-08-17T22:12:37.000,66.26,Bank Service Charge / VAT,LAGOS_NGR,Corporate_Mobile_Banking,0.82,0
2023-08-19T12:37:53.000,66.36,Bank Service Charge / VAT,LAGOS_NGR,Corporate_Mobile_Banking,0.82,0
2023-08-21T03:03:09.000,66.45,Bank Service Charge / VAT,LAGOS_NGR,Corporate_Mobile_Banking,0.82,0
2023-08-22T17:28:25.000,66.55,Bank Service Charge / VAT,LAGOS_NGR,Corporate_Mobile_Banking,0.82,0
2023-08-24T07:53:41.000,66.64,Bank Service Charge / VAT,LAGOS_NGR,Corporate_Mobile_Banking,0.82,0
2023-08-25T22:18:56.000,66.74,Bank Service Charge / VAT,LAGOS_NGR,Corporate_Mobile_Banking,0.82,0
2023-08-27T12:44:12.000,66.84,Bank Service Charge / VAT,LAGOS_NGR,Corporate_Mobile_Banking,0.82,0
2023-08-29T03:09:28.000,66.93,Bank Service Charge / VAT,LAGOS_NGR,Corporate_Mobile_Banking,0.82,0
2023-08-30T17:34:44.000,67.03,Bank Service Charge / VAT,LAGOS_NGR,Corporate_Mobile_Banking,0.82,0
2023-09-01T08:00:00.000,67.13,Bank Service Charge / VAT,LAGOS_NGR,Corporate_Mobile_Banking,0.82,0
2023-09-02T22:25:15.000,67.22,Bank Service Charge / VAT,LAGOS_NGR,Corporate_Mobile_Banking,0.82,0
2023-09-04T12:50:31.000,67.32,Bank Service Charge / VAT,LAGOS_NGR,Corporate_Mobile_Banking,0.82,0
2023-09-06T03:15:47.000,67.42,Bank Service Charge / VAT,LAGOS_NGR,Corporate_Mobile_Banking,0.82,0
2023-09-07T17:41:03.000,67.51,Bank Service Charge / VAT,LAGOS_NGR,Corporate_Mobile_Banking,0.82,0
2023-09-09T08:06:18.000,67.61,Bank Service Charge / VAT,LAGOS_NGR,Corporate_Mobile_Banking,0.82,0
2023-09-10T22:31:34.000,67.7,Bank Service Charge / VAT,LAGOS_NGR,Corporate_Mobile_Banking,0.82,0
2023-09-12T12:56:50.000,67.8,Bank Service Charge / VAT,LAGOS_NGR,Corporate_Mobile_Banking,0.82,0
2023-09-14T03:22:06.000,67.9,Bank Service Charge / VAT,LAGOS_NGR,Corporate_Mobile_Banking,0.82,0
2023-09-15T17:47:22.000,67.99,Bank Service Charge / VAT,LAGOS_NGR,Corporate_Mobile_Banking,0.82,0
2023-09-17T08:12:37.000,68.09,Bank Service Charge / VAT,LAGOS_NGR,Corporate_Mobile_Banking,0.82,0
2023-09-18T22:37:53.000,68.19,Bank Service Charge / VAT,LAGOS_NGR,Corporate_Mobile_Banking,0.82,0
2023-09-20T13:03:09.000,68.28,Bank Service Charge / VAT,LAGOS_NGR,Corporate_Mobile_Banking,0.82,0
2023-09-22T03:28:25.000,68.38,Bank Service Charge / VAT,LAGOS_NGR,Corporate_Mobile_Banking,0.82,0
2023-09-23T17:53:41.000,68.48,Bank Service Charge / VAT,LAGOS_NGR,Corporate_Mobile_Banking,0.82,0
2023-09-25T08:18:56.000,68.57,Bank Service Charge / VAT,LAGOS_NGR,Corporate_Mobile_Banking,0.82,0
2023-09-26T22:44:12.000,68.67,Bank Service Charge / VAT,LAGOS_NGR,Corporate_Mobile_Banking,0.82,0
2023-09-28T13:09:28.000,68.76,Bank Service Charge / VAT,LAGOS_NGR,Corporate_Mobile_Banking,0.82,0
2023-09-30T03:34:44.000,68.86,Bank Service Charge / VAT,LAGOS_NGR,Corporate_Mobile_Banking,0.82,0
2023-10-01T18:00:00.000,68.96,Bank Service Charge / VAT,LAGOS_NGR,Corporate_Mobile_Banking,0.82,0
2023-10-03T08:25:15.000,69.05,Bank Service Charge / VAT,LAGOS_NGR,Corporate_Mobile_Banking,0.82,0
2023-10-04T22:50:31.000,69.15,Bank Service Charge / VAT,LAGOS_NGR,Corporate_Mobile_Banking,0.82,0
2023-10-06T13:15:47.000,69.25,Bank Service Charge / VAT,LAGOS_NGR,Corporate_Mobile_Banking,0.82,0
2023-10-08T03:41:03.000,69.34,Bank Service Charge / VAT,LAGOS_NGR,Corporate_Mobile_Banking,0.82,0
2023-10-09T18:06:18.000,69.44,Bank Service Charge / VAT,LAGOS_NGR,Corporate_Mobile_Banking,0.82,0
2023-10-11T08:31:34.000,69.54,Bank Service Charge / VAT,LAGOS_NGR,Corporate_Mobile_Banking,0.82,0
2023-10-12T22:56:50.000,69.63,Bank Service Charge / VAT,LAGOS_NGR,Corporate_Mobile_Banking,0.82,0
2023-10-14T13:22:06.000,69.73,Bank Service Charge / VAT,LAGOS_NGR,Corporate_Mobile_Banking,0.82,0
2023-10-16T03:47:22.000,69.82,Bank Service Charge / VAT,LAGOS_NGR,Corporate_Mobile_Banking,0.82,0
2023-10-17T18:12:37.000,69.92,Bank Service Charge / VAT,LAGOS_NGR,Corporate_Mobile_Banking,0.82,0
2023-10-19T08:37:53.000,70.02,Bank Service Charge / VAT,LAGOS_NGR,Corporate_Mobile_Banking,0.82,0
2023-10-20T23:03:09.000,70.11,Bank Service Charge / VAT,LAGOS_NGR,Corporate_Mobile_Banking,0.82,0
2023-10-22T13:28:25.000,70.21,Bank Service Charge / VAT,LAGOS_NGR,Corporate_Mobile_Banking,0.82,0
2023-10-24T03:53:41.000,70.31,Bank Service Charge / VAT,LAGOS_NGR,Corporate_Mobile_Banking,0.82,0
2023-10-25T18:18:56.000,70.4,Bank Service Charge / VAT,LAGOS_NGR,Corporate_Mobile_Banking,0.82,0
2023-10-27T08:44:12.000,70.5,Bank Service Charge / VAT,LAGOS_NGR,Corporate_Mobile_Banking,0.82,0
2023-10-28T23:09:28.000,70.6,Bank Service Charge / VAT,LAGOS_NGR,Corporate_Mobile_Banking,0.82,0
2023-10-30T13:34:44.000,70.69,Bank Service Charge / VAT,LAGOS_NGR,Corporate_Mobile_Banking,0.82,0
2023-11-01T04:00:00.000,70.79,Bank Service Charge / VAT,LAGOS_NGR,Corporate_Mobile_Banking,0.82,0
2023-11-02T18:25:15.000,70.88,Bank Service Charge / VAT,LAGOS_NGR,Corporate_Mobile_Banking,0.82,0
2023-11-04T08:50:31.000,70.98,Bank Service Charge / VAT,LAGOS_NGR,Corporate_Mobile_Banking,0.82,0
2023-11-05T23:15:47.000,71.08,Bank Service Charge / VAT,LAGOS_NGR,Corporate_Mobile_Banking,0.82,0
2023-11-07T13:41:03.000,71.17,Bank Service Charge / VAT,LAGOS_NGR,Corporate_Mobile_Banking,0.82,0
2023-11-09T04:06:18.000,71.27,Bank Service Charge / VAT,LAGOS_NGR,Corporate_Mobile_Banking,0.82,0
2023-11-10T18:31:34.000,71.37,Bank Service Charge / VAT,LAGOS_NGR,Corporate_Mobile_Banking,0.82,0
2023-11-12T08:56:50.000,71.46,Bank Service Charge / VAT,LAGOS_NGR,Corporate_Mobile_Banking,0.82,0
2023-11-13T23:22:06.000,71.56,Bank Service Charge / VAT,LAGOS_NGR,Corporate_Mobile_Banking,0.82,0
2023-11-15T13:47:22.000,71.66,Bank Service Charge / VAT,LAGOS_NGR,Corporate_Mobile_Banking,0.82,0
2023-11-17T04:12:37.000,71.75,Bank Service Charge / VAT,LAGOS_NGR,Corporate_Mobile_Banking,0.82,0
2023-11-18T18:37:53.000,71.85,Bank Service Charge / VAT,LAGOS_NGR,Corporate_Mobile_Banking,0.82,0
2023-11-20T09:03:09.000,71.94,Bank Service Charge / VAT,LAGOS_NGR,Corporate_Mobile_Banking,0.82,0
2023-11-21T23:28:25.000,72.04,Bank Service Charge / VAT,LAGOS_NGR,Corporate_Mobile_Banking,0.82,0
2023-11-23T13:53:41.000,72.14,Bank Service Charge / VAT,LAGOS_NGR,Corporate_Mobile_Banking,0.82,0
2023-11-25T04:18:56.000,72.23,Bank Service Charge / VAT,LAGOS_NGR,Corporate_Mobile_Banking,0.82,0
2023-11-26T18:44:12.000,72.33,Bank Service Charge / VAT,LAGOS_NGR,Corporate_Mobile_Banking,0.82,0
2023-11-28T09:09:28.000,72.43,Bank Service Charge / VAT,LAGOS_NGR,Corporate_Mobile_Banking,0.82,0
2023-11-29T23:34:44.000,72.52,Bank Service Charge / VAT,LAGOS_NGR,Corporate_Mobile_Banking,0.82,0
2023-12-01T14:00:00.000,72.62,Bank Service Charge / VAT,LAGOS_NGR,Corporate_Mobile_Banking,0.82,0
2023-12-03T04:25:15.000,72.72,Bank Service Charge / VAT,LAGOS_NGR,Corporate_Mobile_Banking,0.82,0
2023-12-04T18:50:31.000,72.81,Bank Service Charge / VAT,LAGOS_NGR,Corporate_Mobile_Banking,0.82,0
2023-12-06T09:15:47.000,72.91,Bank Service Charge / VAT,LAGOS_NGR,Corporate_Mobile_Banking,0.82,0
2023-12-07T23:41:03.000,73.0,Bank Service Charge / VAT,LAGOS_NGR,Corporate_Mobile_Banking,0.82,0
2023-12-09T14:06:18.000,73.1,Bank Service Charge / VAT,LAGOS_NGR,Corporate_Mobile_Banking,0.82,0
2023-12-11T04:31:34.000,73.2,Bank Service Charge / VAT,LAGOS_NGR,Corporate_Mobile_Banking,0.82,0
2023-12-12T18:56:50.000,73.29,Bank Service Charge / VAT,LAGOS_NGR,Corporate_Mobile_Banking,0.82,0
2023-12-14T09:22:06.000,73.39,Bank Service Charge / VAT,LAGOS_NGR,Corporate_Mobile_Banking,0.82,0
2023-12-15T23:47:22.000,73.49,Bank Service Charge / VAT,LAGOS_NGR,Corporate_Mobile_Banking,0.82,0
2023-12-17T14:12:37.000,73.58,Bank Service Charge / VAT,LAGOS_NGR,Corporate_Mobile_Banking,0.82,0
2023-12-19T04:37:53.000,73.68,Bank Service Charge / VAT,LAGOS_NGR,Corporate_Mobile_Banking,0.82,0
2023-12-20T19:03:09.000,73.78,Bank Service Charge / VAT,LAGOS_NGR,Corporate_Mobile_Banking,0.82,0
2023-12-22T09:28:25.000,73.87,Bank Service Charge / VAT,LAGOS_NGR,Corporate_Mobile_Banking,0.82,0
2023-12-23T23:53:41.000,73.97,Bank Service Charge / VAT,LAGOS_NGR,Corporate_Mobile_Banking,0.82,0
2023-12-25T14:18:56.000,74.07,Bank Service Charge / VAT,LAGOS_NGR,Corporate_Mobile_Banking,0.82,0
2023-12-27T04:44:12.000,74.16,Bank Service Charge / VAT,LAGOS_NGR,Corporate_Mobile_Banking,0.82,0
2023-12-28T19:09:28.000,74.26,Bank Service Charge / VAT,LAGOS_NGR,Corporate_Mobile_Banking,0.82,0
2023-12-30T09:34:44.000,74.35,Bank Service Charge / VAT,LAGOS_NGR,Corporate_Mobile_Banking,0.82,0
2024-01-01T00:00:00.000,74.45,Bank Service Charge / VAT,LAGOS_NGR,Corporate_Mobile_Banking,0.82,0
2024-01-02T14:25:15.000,74.55,Bank Service Charge / VAT,LAGOS_NGR,Corporate_Mobile_Banking,0.82,0
2024-01-04T04:50:31.000,74.64,Bank Service Charge / VAT,LAGOS_NGR,Corporate_Mobile_Banking,0.82,0
2024-01-05T19:15:47.000,74.74,Bank Service Charge / VAT,LAGOS_NGR,Corporate_Mobile_Banking,0.82,0
2024-01-07T09:41:03.000,74.84,Bank Service Charge / VAT,LAGOS_NGR,Corporate_Mobile_Banking,0.82,0
2024-01-09T00:06:18.000,74.93,Bank Service Charge / VAT,LAGOS_NGR,Corporate_Mobile_Banking,0.82,0
2024-01-10T14:31:34.000,75.03,Bank Service Charge / VAT,LAGOS_NGR,Corporate_Mobile_Banking,0.82,0
2024-01-12T04:56:50.000,75.13,Bank Service Charge / VAT,LAGOS_NGR,Corporate_Mobile_Banking,0.82,0
2024-01-13T19:22:06.000,75.22,Bank Service Charge / VAT,LAGOS_NGR,Corporate_Mobile_Banking,0.82,0
2024-01-15T09:47:22.000,75.32,Bank Service Charge / VAT,LAGOS_NGR,Corporate_Mobile_Banking,0.82,0
2024-01-17T00:12:37.000,75.41,Bank Service Charge / VAT,LAGOS_NGR,Corporate_Mobile_Banking,0.82,0
2024-01-18T14:37:53.000,75.51,Bank Service Charge / VAT,LAGOS_NGR,Corporate_Mobile_Banking,0.82,0
2024-01-20T05:03:09.000,75.61,Bank Service Charge / VAT,LAGOS_NGR,Corporate_Mobile_Banking,0.82,0
2024-01-21T19:28:25.000,75.7,Bank Service Charge / VAT,LAGOS_NGR,Corporate_Mobile_Banking,0.82,0
2024-01-23T09:53:41.000,75.8,Bank Service Charge / VAT,LAGOS_NGR,Corporate_Mobile_Banking,0.82,0
2024-01-25T00:18:56.000,75.9,Bank Service Charge / VAT,LAGOS_NGR,Corporate_Mobile_Banking,0.82,0
2024-01-26T14:44:12.000,75.99,Bank Service Charge / VAT,LAGOS_NGR,Corporate_Mobile_Banking,0.82,0
2024-01-28T05:09:28.000,76.09,Bank Service Charge / VAT,LAGOS_NGR,Corporate_Mobile_Banking,0.82,0
2024-01-29T19:34:44.000,76.19,Bank Service Charge / VAT,LAGOS_NGR,Corporate_Mobile_Banking,0.82,0
2024-01-31T10:00:00.000,76.28,Bank Service Charge / VAT,LAGOS_NGR,Corporate_Mobile_Banking,0.82,0
2024-02-02T00:25:15.000,76.38,Bank Service Charge / VAT,LAGOS_NGR,Corporate_Mobile_Banking,0.82,0
2024-02-03T14:50:31.000,76.47,Bank Service Charge / VAT,LAGOS_NGR,Corporate_Mobile_Banking,0.82,0
2024-02-05T05:15:47.000,76.57,Bank Service Charge / VAT,LAGOS_NGR,Corporate_Mobile_Banking,0.82,0
2024-02-06T19:41:03.000,76.67,Bank Service Charge / VAT,LAGOS_NGR,Corporate_Mobile_Banking,0.82,0
2024-02-08T10:06:18.000,76.76,Bank Service Charge / VAT,LAGOS_NGR,Corporate_Mobile_Banking,0.82,0
2024-02-10T00:31:34.000,76.86,Bank Service Charge / VAT,LAGOS_NGR,Corporate_Mobile_Banking,0.82,0
2024-02-11T14:56:50.000,76.96,Bank Service Charge / VAT,LAGOS_NGR,Corporate_Mobile_Banking,0.82,0
2024-02-13T05:22:06.000,77.05,Bank Service Charge / VAT,LAGOS_NGR,Corporate_Mobile_Banking,0.82,0
2024-02-14T19:47:22.000,77.15,Bank Service Charge / VAT,LAGOS_NGR,Corporate_Mobile_Banking,0.82,0
2024-02-16T10:12:37.000,77.25,Bank Service Charge / VAT,LAGOS_NGR,Corporate_Mobile_Banking,0.82,0
2024-02-18T00:37:53.000,77.34,Bank Service Charge / VAT,LAGOS_NGR,Corporate_Mobile_Banking,0.82,0
2024-02-19T15:03:09.000,77.44,Bank Service Charge / VAT,LAGOS_NGR,Corporate_Mobile_Banking,0.82,0
2024-02-21T05:28:25.000,77.53,Bank Service Charge / VAT,LAGOS_NGR,Corporate_Mobile_Banking,0.82,0
2024-02-22T19:53:41.000,77.63,Bank Service Charge / VAT,LAGOS_NGR,Corporate_Mobile_Banking,0.82,0
2024-02-24T10:18:56.000,77.73,Bank Service Charge / VAT,LAGOS_NGR,Corporate_Mobile_Banking,0.82,0
2024-02-26T00:44:12.000,77.82,Bank Service Charge / VAT,LAGOS_NGR,Corporate_Mobile_Banking,0.82,0
2024-02-27T15:09:28.000,77.92,Bank Service Charge / VAT,LAGOS_NGR,Corporate_Mobile_Banking,0.82,0
2024-02-29T05:34:44.000,78.02,Bank Service Charge / VAT,LAGOS_NGR,Corporate_Mobile_Banking,0.82,0
2024-03-01T20:00:00.000,78.11,Bank Service Charge / VAT,LAGOS_NGR,Corporate_Mobile_Banking,0.82,0
2024-03-03T10:25:15.000,78.21,Bank Service Charge / VAT,LAGOS_NGR,Corporate_Mobile_Banking,0.82,0
2024-03-05T00:50:31.000,78.31,Bank Service Charge / VAT,LAGOS_NGR,Corporate_Mobile_Banking,0.82,0
2024-03-06T15:15:47.000,78.4,Bank Service Charge / VAT,LAGOS_NGR,Corporate_Mobile_Banking,0.82,0
2024-03-08T05:41:03.000,78.5,Bank Service Charge / VAT,LAGOS_NGR,Corporate_Mobile_Banking,0.82,0
2024-03-09T20:06:18.000,78.59,Bank Service Charge / VAT,LAGOS_NGR,Corporate_Mobile_Banking,0.82,0
2024-03-11T10:31:34.000,78.69,Bank Service Charge / VAT,LAGOS_NGR,Corporate_Mobile_Banking,0.82,0
2024-03-13T00:56:50.000,78.79,Bank Service Charge / VAT,LAGOS_NGR,Corporate_Mobile_Banking,0.82,0
2024-03-14T15:22:06.000,78.88,Bank Service Charge / VAT,LAGOS_NGR,Corporate_Mobile_Banking,0.82,0
2024-03-16T05:47:22.000,78.98,Bank Service Charge / VAT,LAGOS_NGR,Corporate_Mobile_Banking,0.82,0
2024-03-17T20:12:37.000,79.08,Bank Service Charge / VAT,LAGOS_NGR,Corporate_Mobile_Banking,0.82,0
2024-03-19T10:37:53.000,79.17,Bank Service Charge / VAT,LAGOS_NGR,Corporate_Mobile_Banking,0.82,0
2024-03-21T01:03:09.000,79.27,Bank Service Charge / VAT,LAGOS_NGR,Corporate_Mobile_Banking,0.82,0
2024-03-22T15:28:25.000,79.37,Bank Service Charge / VAT,LAGOS_NGR,Corporate_Mobile_Banking,0.82,0
2024-03-24T05:53:41.000,79.46,Bank Service Charge / VAT,LAGOS_NGR,Corporate_Mobile_Banking,0.82,0
2024-03-25T20:18:56.000,79.56,Bank Service Charge / VAT,LAGOS_NGR,Corporate_Mobile_Banking,0.82,0
2024-03-27T10:44:12.000,79.65,Bank Service Charge / VAT,LAGOS_NGR,Corporate_Mobile_Banking,0.82,0
2024-03-29T01:09:28.000,79.75,Bank Service Charge / VAT,LAGOS_NGR,Corporate_Mobile_Banking,0.82,0
2024-03-30T15:34:44.000,79.85,Bank Service Charge / VAT,LAGOS_NGR,Corporate_Mobile_Banking,0.82,0
2024-04-01T06:00:00.000,79.94,Bank Service Charge / VAT,LAGOS_NGR,Corporate_Mobile_Banking,0.82,0
2024-04-02T20:25:15.000,80.04,Bank Service Charge / VAT,LAGOS_NGR,Corporate_Mobile_Banking,0.82,0
2024-04-04T10:50:31.000,80.14,Bank Service Charge / VAT,LAGOS_NGR,Corporate_Mobile_Banking,0.82,0
2024-04-06T01:15:47.000,80.23,Bank Service Charge / VAT,LAGOS_NGR,Corporate_Mobile_Banking,0.82,0
2024-04-07T15:41:03.000,80.33,Bank Service Charge / VAT,LAGOS_NGR,Corporate_Mobile_Banking,0.82,0
2024-04-09T06:06:18.000,80.43,Bank Service Charge / VAT,LAGOS_NGR,Corporate_Mobile_Banking,0.82,0
2024-04-10T20:31:34.000,80.52,Bank Service Charge / VAT,LAGOS_NGR,Corporate_Mobile_Banking,0.82,0
2024-04-12T10:56:50.000,80.62,Bank Service Charge / VAT,LAGOS_NGR,Corporate_Mobile_Banking,0.82,0
2024-04-14T01:22:06.000,80.71,Bank Service Charge / VAT,LAGOS_NGR,Corporate_Mobile_Banking,0.82,0
2024-04-15T15:47:22.000,80.81,Bank Service Charge / VAT,LAGOS_NGR,Corporate_Mobile_Banking,0.82,0
2024-04-17T06:12:37.000,80.91,Bank Service Charge / VAT,LAGOS_NGR,Corporate_Mobile_Banking,0.82,0
2024-04-18T20:37:53.000,81.0,Bank Service Charge / VAT,LAGOS_NGR,Corporate_Mobile_Banking,0.82,0
2024-04-20T11:03:09.000,81.1,Bank Service Charge / VAT,LAGOS_NGR,Corporate_Mobile_Banking,0.82,0
2024-04-22T01:28:25.000,81.2,Bank Service Charge / VAT,LAGOS_NGR,Corporate_Mobile_Banking,0.82,0
2024-04-23T15:53:41.000,81.29,Bank Service Charge / VAT,LAGOS_NGR,Corporate_Mobile_Banking,0.82,0
2024-04-25T06:18:56.000,81.39,Bank Service Charge / VAT,LAGOS_NGR,Corporate_Mobile_Banking,0.82,0
2024-04-26T20:44:12.000,81.49,Bank Service Charge / VAT,LAGOS_NGR,Corporate_Mobile_Banking,0.82,0
2024-04-28T11:09:28.000,81.58,Bank Service Charge / VAT,LAGOS_NGR,Corporate_Mobile_Banking,0.82,0
2024-04-30T01:34:44.000,81.68,Bank Service Charge / VAT,LAGOS_NGR,Corporate_Mobile_Banking,0.82,0
2024-05-01T16:00:00.000,81.77,Bank Service Charge / VAT,LAGOS_NGR,Corporate_Mobile_Banking,0.82,0
2024-05-03T06:25:15.000,81.87,Bank Service Charge / VAT,LAGOS_NGR,Corporate_Mobile_Banking,0.82,0
2024-05-04T20:50:31.000,81.97,Bank Service Charge / VAT,LAGOS_NGR,Corporate_Mobile_Banking,0.82,0
2024-05-06T11:15:47.000,82.06,Bank Service Charge / VAT,LAGOS_NGR,Corporate_Mobile_Banking,0.82,0
2024-05-08T01:41:03.000,82.16,Bank Service Charge / VAT,LAGOS_NGR,Corporate_Mobile_Banking,0.82,0
2024-05-09T16:06:18.000,82.26,Bank Service Charge / VAT,LAGOS_NGR,Corporate_Mobile_Banking,0.82,0
2024-05-11T06:31:34.000,82.35,Bank Service Charge / VAT,LAGOS_NGR,Corporate_Mobile_Banking,0.82,0
2024-05-12T20:56:50.000,82.45,Bank Service Charge / VAT,LAGOS_NGR,Corporate_Mobile_Banking,0.82,0
2024-05-14T11:22:06.000,82.55,Bank Service Charge / VAT,LAGOS_NGR,Corporate_Mobile_Banking,0.82,0
2024-05-16T01:47:22.000,82.64,Bank Service Charge / VAT,LAGOS_NGR,Corporate_Mobile_Banking,0.82,0
2024-05-17T16:12:37.000,82.74,Bank Service Charge / VAT,LAGOS_NGR,Corporate_Mobile_Banking,0.82,0
2024-05-19T06:37:53.000,82.83,Bank Service Charge / VAT,LAGOS_NGR,Corporate_Mobile_Banking,0.82,0
2024-05-20T21:03:09.000,82.93,Bank Service Charge / VAT,LAGOS_NGR,Corporate_Mobile_Banking,0.82,0
2024-05-22T11:28:25.000,83.03,Bank Service Charge / VAT,LAGOS_NGR,Corporate_Mobile_Banking,0.82,0
2024-05-24T01:53:41.000,83.12,Bank Service Charge / VAT,LAGOS_NGR,Corporate_Mobile_Banking,0.82,0
2024-05-25T16:18:56.000,83.22,Bank Service Charge / VAT,LAGOS_NGR,Corporate_Mobile_Banking,0.82,0
2024-05-27T06:44:12.000,83.32,Bank Service Charge / VAT,LAGOS_NGR,Corporate_Mobile_Banking,0.82,0
2024-05-28T21:09:28.000,83.41,Bank Service Charge / VAT,LAGOS_NGR,Corporate_Mobile_Banking,0.82,0
2024-05-30T11:34:44.000,83.51,Bank Service Charge / VAT,LAGOS_NGR,Corporate_Mobile_Banking,0.82,0
2024-06-01T02:00:00.000,83.61,Bank Service Charge / VAT,LAGOS_NGR,Corporate_Mobile_Banking,0.82,0
2024-06-02T16:25:15.000,83.7,Bank Service Charge / VAT,LAGOS_NGR,Corporate_Mobile_Banking,0.82,0
2024-06-04T06:50:31.000,83.8,Bank Service Charge / VAT,LAGOS_NGR,Corporate_Mobile_Banking,0.82,0
2024-06-05T21:15:47.000,83.89,Bank Service Charge / VAT,LAGOS_NGR,Corporate_Mobile_Banking,0.82,0
2024-06-07T11:41:03.000,83.99,Bank Service Charge / VAT,LAGOS_NGR,Corporate_Mobile_Banking,0.82,0
2024-06-09T02:06:18.000,84.09,Bank Service Charge / VAT,LAGOS_NGR,Corporate_Mobile_Banking,0.82,0
2024-06-10T16:31:34.000,84.18,Bank Service Charge / VAT,LAGOS_NGR,Corporate_Mobile_Banking,0.82,0
2024-06-12T06:56:50.000,84.28,Bank Service Charge / VAT,LAGOS_NGR,Corporate_Mobile_Banking,0.82,0
2024-06-13T21:22:06.000,84.38,Bank Service Charge / VAT,LAGOS_NGR,Corporate_Mobile_Banking,0.82,0
2024-06-15T11:47:22.000,84.47,Bank Service Charge / VAT,LAGOS_NGR,Corporate_Mobile_Banking,0.82,0
2024-06-17T02:12:37.000,84.57,Bank Service Charge / VAT,LAGOS_NGR,Corporate_Mobile_Banking,0.82,0
2024-06-18T16:37:53.000,84.67,Bank Service Charge / VAT,LAGOS_NGR,Corporate_Mobile_Banking,0.82,0
2024-06-20T07:03:09.000,84.76,Bank Service Charge / VAT,LAGOS_NGR,Corporate_Mobile_Banking,0.82,0
2024-06-21T21:28:25.000,84.86,Bank Service Charge / VAT,LAGOS_NGR,Corporate_Mobile_Banking,0.82,0
2024-06-23T11:53:41.000,84.95,Bank Service Charge / VAT,LAGOS_NGR,Corporate_Mobile_Banking,0.82,0
2024-06-25T02:18:56.000,85.05,Bank Service Charge / VAT,LAGOS_NGR,Corporate_Mobile_Banking,0.82,0
2024-06-26T16:44:12.000,85.15,Bank Service Charge / VAT,LAGOS_NGR,Corporate_Mobile_Banking,0.82,0
2024-06-28T07:09:28.000,85.24,Bank Service Charge / VAT,LAGOS_NGR,Corporate_Mobile_Banking,0.82,0
2024-06-29T21:34:44.000,85.34,Bank Service Charge / VAT,LAGOS_NGR,Corporate_Mobile_Banking,0.82,0
2024-07-01T12:00:00.000,85.44,Bank Service Charge / VAT,LAGOS_NGR,Corporate_Mobile_Banking,0.82,0
2024-07-03T02:25:15.000,85.53,Bank Service Charge / VAT,LAGOS_NGR,Corporate_Mobile_Banking,0.82,0
2024-07-04T16:50:31.000,85.63,Bank Service Charge / VAT,LAGOS_NGR,Corporate_Mobile_Banking,0.82,0
2024-07-06T07:15:47.000,85.73,Bank Service Charge / VAT,LAGOS_NGR,Corporate_Mobile_Banking,0.82,0
2024-07-07T21:41:03.000,85.82,Bank Service Charge / VAT,LAGOS_NGR,Corporate_Mobile_Banking,0.82,0
2024-07-09T12:06:18.000,85.92,Bank Service Charge / VAT,LAGOS_NGR,Corporate_Mobile_Banking,0.82,0
2024-07-11T02:31:34.000,86.01,Bank Service Charge / VAT,LAGOS_NGR,Corporate_Mobile_Banking,0.82,0
2024-07-12T16:56:50.000,86.11,Bank Service Charge / VAT,LAGOS_NGR,Corporate_Mobile_Banking,0.82,0
2024-07-14T07:22:06.000,86.21,Bank Service Charge / VAT,LAGOS_NGR,Corporate_Mobile_Banking,0.82,0
2024-07-15T21:47:22.000,86.3,Bank Service Charge / VAT,LAGOS_NGR,Corporate_Mobile_Banking,0.82,0
2024-07-17T12:12:37.000,86.4,Bank Service Charge / VAT,LAGOS_NGR,Corporate_Mobile_Banking,0.82,0
2024-07-19T02:37:53.000,86.5,Bank Service Charge / VAT,LAGOS_NGR,Corporate_Mobile_Banking,0.82,0
2024-07-20T17:03:09.000,86.59,Bank Service Charge / VAT,LAGOS_NGR,Corporate_Mobile_Banking,0.82,0
2024-07-22T07:28:25.000,86.69,Bank Service Charge / VAT,LAGOS_NGR,Corporate_Mobile_Banking,0.82,0
2024-07-23T21:53:41.000,86.79,Bank Service Charge / VAT,LAGOS_NGR,Corporate_Mobile_Banking,0.82,0
2024-07-25T12:18:56.000,86.88,Bank Service Charge / VAT,LAGOS_NGR,Corporate_Mobile_Banking,0.82,0
2024-07-27T02:44:12.000,86.98,Bank Service Charge / VAT,LAGOS_NGR,Corporate_Mobile_Banking,0.82,0
2024-07-28T17:09:28.000,87.07,Bank Service Charge / VAT,LAGOS_NGR,Corporate_Mobile_Banking,0.82,0
2024-07-30T07:34:44.000,87.17,Bank Service Charge / VAT,LAGOS_NGR,Corporate_Mobile_Banking,0.82,0
2024-07-31T22:00:00.000,87.27,Bank Service Charge / VAT,LAGOS_NGR,Corporate_Mobile_Banking,0.82,0
2024-08-02T12:25:15.000,87.36,Bank Service Charge / VAT,LAGOS_NGR,Corporate_Mobile_Banking,0.82,0
2024-08-04T02:50:31.000,87.46,Bank Service Charge / VAT,LAGOS_NGR,Corporate_Mobile_Banking,0.82,0
2024-08-05T17:15:47.000,87.56,Bank Service Charge / VAT,LAGOS_NGR,Corporate_Mobile_Banking,0.82,0
2024-08-07T07:41:03.000,87.65,Bank Service Charge / VAT,LAGOS_NGR,Corporate_Mobile_Banking,0.82,0
2024-08-08T22:06:18.000,87.75,Bank Service Charge / VAT,LAGOS_NGR,Corporate_Mobile_Banking,0.82,0
2024-08-10T12:31:34.000,87.85,Bank Service Charge / VAT,LAGOS_NGR,Corporate_Mobile_Banking,0.82,0
2024-08-12T02:56:50.000,87.94,Bank Service Charge / VAT,LAGOS_NGR,Corporate_Mobile_Banking,0.82,0
2024-08-13T17:22:06.000,88.04,Bank Service Charge / VAT,LAGOS_NGR,Corporate_Mobile_Banking,0.82,0
2024-08-15T07:47:22.000,88.13,Bank Service Charge / VAT,LAGOS_NGR,Corporate_Mobile_Banking,0.82,0
2024-08-16T22:12:37.000,88.23,Bank Service Charge / VAT,LAGOS_NGR,Corporate_Mobile_Banking,0.82,0
2024-08-18T12:37:53.000,88.33,Bank Service Charge / VAT,LAGOS_NGR,Corporate_Mobile_Banking,0.82,0
2024-08-20T03:03:09.000,88.42,Bank Service Charge / VAT,LAGOS_NGR,Corporate_Mobile_Banking,0.82,0
2024-08-21T17:28:25.000,88.52,Bank Service Charge / VAT,LAGOS_NGR,Corporate_Mobile_Banking,0.82,0
2024-08-23T07:53:41.000,88.62,Bank Service Charge / VAT,LAGOS_NGR,Corporate_Mobile_Banking,0.82,0
2024-08-24T22:18:56.000,88.71,Bank Service Charge / VAT,LAGOS_NGR,Corporate_Mobile_Banking,0.82,0
2024-08-26T12:44:12.000,88.81,Bank Service Charge / VAT,LAGOS_NGR,Corporate_Mobile_Banking,0.82,0
2024-08-28T03:09:28.000,88.91,Bank Service Charge / VAT,LAGOS_NGR,Corporate_Mobile_Banking,0.82,0
2024-08-29T17:34:44.000,89.0,Bank Service Charge / VAT,LAGOS_NGR,Corporate_Mobile_Banking,0.82,0
2024-08-31T08:00:00.000,89.1,Bank Service Charge / VAT,LAGOS_NGR,Corporate_Mobile_Banking,0.82,0
2024-09-01T22:25:15.000,89.19,Bank Service Charge / VAT,LAGOS_NGR,Corporate_Mobile_Banking,0.82,0
2024-09-03T12:50:31.000,89.29,Bank Service Charge / VAT,LAGOS_NGR,Corporate_Mobile_Banking,0.82,0
2024-09-05T03:15:47.000,89.39,Bank Service Charge / VAT,LAGOS_NGR,Corporate_Mobile_Banking,0.82,0
2024-09-06T17:41:03.000,89.48,Bank Service Charge / VAT,LAGOS_NGR,Corporate_Mobile_Banking,0.82,0
2024-09-08T08:06:18.000,89.58,Bank Service Charge / VAT,LAGOS_NGR,Corporate_Mobile_Banking,0.82,0
2024-09-09T22:31:34.000,89.68,Bank Service Charge / VAT,LAGOS_NGR,Corporate_Mobile_Banking,0.82,0
2024-09-11T12:56:50.000,89.77,Bank Service Charge / VAT,LAGOS_NGR,Corporate_Mobile_Banking,0.82,0
2024-09-13T03:22:06.000,89.87,Bank Service Charge / VAT,LAGOS_NGR,Corporate_Mobile_Banking,0.82,0
2024-09-14T17:47:22.000,89.97,Bank Service Charge / VAT,LAGOS_NGR,Corporate_Mobile_Banking,0.82,0
2024-09-16T08:12:37.000,90.06,Bank Service Charge / VAT,LAGOS_NGR,Corporate_Mobile_Banking,0.82,0
2024-09-17T22:37:53.000,90.16,Bank Service Charge / VAT,LAGOS_NGR,Corporate_Mobile_Banking,0.82,0
2024-09-19T13:03:09.000,90.25,Bank Service Charge / VAT,LAGOS_NGR,Corporate_Mobile_Banking,0.82,0
2024-09-21T03:28:25.000,90.35,Bank Service Charge / VAT,LAGOS_NGR,Corporate_Mobile_Banking,0.82,0
2024-09-22T17:53:41.000,90.45,Bank Service Charge / VAT,LAGOS_NGR,Corporate_Mobile_Banking,0.82,0
2024-09-24T08:18:56.000,90.54,Bank Service Charge / VAT,LAGOS_NGR,Corporate_Mobile_Banking,0.82,0
2024-09-25T22:44:12.000,90.64,Bank Service Charge / VAT,LAGOS_NGR,Corporate_Mobile_Banking,0.82,0
2024-09-27T13:09:28.000,90.74,Bank Service Charge / VAT,LAGOS_NGR,Corporate_Mobile_Banking,0.82,0
2024-09-29T03:34:44.000,90.83,Bank Service Charge / VAT,LAGOS_NGR,Corporate_Mobile_Banking,0.82,0
2024-09-30T18:00:00.000,90.93,Bank Service Charge / VAT,LAGOS_NGR,Corporate_Mobile_Banking,0.82,0
2024-10-02T08:25:15.000,91.03,Bank Service Charge / VAT,LAGOS_NGR,Corporate_Mobile_Banking,0.82,0
2024-10-03T22:50:31.000,91.12,Bank Service Charge / VAT,LAGOS_NGR,Corporate_Mobile_Banking,0.82,0
2024-10-05T13:15:47.000,91.22,Bank Service Charge / VAT,LAGOS_NGR,Corporate_Mobile_Banking,0.82,0
2024-10-07T03:41:03.000,91.31,Bank Service Charge / VAT,LAGOS_NGR,Corporate_Mobile_Banking,0.82,0
2024-10-08T18:06:18.000,91.41,Bank Service Charge / VAT,LAGOS_NGR,Corporate_Mobile_Banking,0.82,0
2024-10-10T08:31:34.000,91.51,Bank Service Charge / VAT,LAGOS_NGR,Corporate_Mobile_Banking,0.82,0
2024-10-11T22:56:50.000,91.6,Bank Service Charge / VAT,LAGOS_NGR,Corporate_Mobile_Banking,0.82,0
2024-10-13T13:22:06.000,91.7,Bank Service Charge / VAT,LAGOS_NGR,Corporate_Mobile_Banking,0.82,0
2024-10-15T03:47:22.000,91.8,Bank Service Charge / VAT,LAGOS_NGR,Corporate_Mobile_Banking,0.82,0
2024-10-16T18:12:37.000,91.89,Bank Service Charge / VAT,LAGOS_NGR,Corporate_Mobile_Banking,0.82,0
2024-10-18T08:37:53.000,91.99,Bank Service Charge / VAT,LAGOS_NGR,Corporate_Mobile_Banking,0.82,0
2024-10-19T23:03:09.000,92.09,Bank Service Charge / VAT,LAGOS_NGR,Corporate_Mobile_Banking,0.82,0
2024-10-21T13:28:25.000,92.18,Bank Service Charge / VAT,LAGOS_NGR,Corporate_Mobile_Banking,0.82,0
2024-10-23T03:53:41.000,92.28,Bank Service Charge / VAT,LAGOS_NGR,Corporate_Mobile_Banking,0.82,0
2024-10-24T18:18:56.000,92.37,Bank Service Charge / VAT,LAGOS_NGR,Corporate_Mobile_Banking,0.82,0
2024-10-26T08:44:12.000,92.47,Bank Service Charge / VAT,LAGOS_NGR,Corporate_Mobile_Banking,0.82,0
2024-10-27T23:09:28.000,92.57,Bank Service Charge / VAT,LAGOS_NGR,Corporate_Mobile_Banking,0.82,0
2024-10-29T13:34:44.000,92.66,Bank Service Charge / VAT,LAGOS_NGR,Corporate_Mobile_Banking,0.82,0
2024-10-31T04:00:00.000,92.76,Bank Service Charge / VAT,LAGOS_NGR,Corporate_Mobile_Banking,0.82,0
2024-11-01T18:25:15.000,92.86,Bank Service Charge / VAT,LAGOS_NGR,Corporate_Mobile_Banking,0.82,0
2024-11-03T08:50:31.000,92.95,Bank Service Charge / VAT,LAGOS_NGR,Corporate_Mobile_Banking,0.82,0
2024-11-04T23:15:47.000,93.05,Bank Service Charge / VAT,LAGOS_NGR,Corporate_Mobile_Banking,0.82,0
2024-11-06T13:41:03.000,93.15,Bank Service Charge / VAT,LAGOS_NGR,Corporate_Mobile_Banking,0.82,0
2024-11-08T04:06:18.000,93.24,Bank Service Charge / VAT,LAGOS_NGR,Corporate_Mobile_Banking,0.82,0
2024-11-09T18:31:34.000,93.34,Bank Service Charge / VAT,LAGOS_NGR,Corporate_Mobile_Banking,0.82,0
2024-11-11T08:56:50.000,93.43,Bank Service Charge / VAT,LAGOS_NGR,Corporate_Mobile_Banking,0.82,0
2024-11-12T23:22:06.000,93.53,Bank Service Charge / VAT,LAGOS_NGR,Corporate_Mobile_Banking,0.82,0
2024-11-14T13:47:22.000,93.63,Bank Service Charge / VAT,LAGOS_NGR,Corporate_Mobile_Banking,0.82,0
2024-11-16T04:12:37.000,93.72,Bank Service Charge / VAT,LAGOS_NGR,Corporate_Mobile_Banking,0.82,0
2024-11-17T18:37:53.000,93.82,Bank Service Charge / VAT,LAGOS_NGR,Corporate_Mobile_Banking,0.82,0
2024-11-19T09:03:09.000,93.92,Bank Service Charge / VAT,LAGOS_NGR,Corporate_Mobile_Banking,0.82,0
2024-11-20T23:28:25.000,94.01,Bank Service Charge / VAT,LAGOS_NGR,Corporate_Mobile_Banking,0.82,0
2024-11-22T13:53:41.000,94.11,Bank Service Charge / VAT,LAGOS_NGR,Corporate_Mobile_Banking,0.82,0
2024-11-24T04:18:56.000,94.21,Bank Service Charge / VAT,LAGOS_NGR,Corporate_Mobile_Banking,0.82,0
2024-11-25T18:44:12.000,94.3,Bank Service Charge / VAT,LAGOS_NGR,Corporate_Mobile_Banking,0.82,0
2024-11-27T09:09:28.000,94.4,Bank Service Charge / VAT,LAGOS_NGR,Corporate_Mobile_Banking,0.82,0
2024-11-28T23:34:44.000,94.49,Bank Service Charge / VAT,LAGOS_NGR,Corporate_Mobile_Banking,0.82,0
2024-11-30T14:00:00.000,94.59,Bank Service Charge / VAT,LAGOS_NGR,Corporate_Mobile_Banking,0.82,0
2024-12-02T04:25:15.000,94.69,Bank Service Charge / VAT,LAGOS_NGR,Corporate_Mobile_Banking,0.82,0
2024-12-03T18:50:31.000,94.78,Bank Service Charge / VAT,LAGOS_NGR,Corporate_Mobile_Banking,0.82,0
2024-12-05T09:15:47.000,94.88,Bank Service Charge / VAT,LAGOS_NGR,Corporate_Mobile_Banking,0.82,0
2024-12-06T23:41:03.000,94.98,Bank Service Charge / VAT,LAGOS_NGR,Corporate_Mobile_Banking,0.82,0
2024-12-08T14:06:18.000,95.07,Bank Service Charge / VAT,LAGOS_NGR,Corporate_Mobile_Banking,0.82,0
2024-12-10T04:31:34.000,95.17,Bank Service Charge / VAT,LAGOS_NGR,Corporate_Mobile_Banking,0.82,0
2024-12-11T18:56:50.000,95.27,Bank Service Charge / VAT,LAGOS_NGR,Corporate_Mobile_Banking,0.82,0
2024-12-13T09:22:06.000,95.36,Bank Service Charge / VAT,LAGOS_NGR,Corporate_Mobile_Banking,0.82,0
2024-12-14T23:47:22.000,95.46,Bank Service Charge / VAT,LAGOS_NGR,Corporate_Mobile_Banking,0.82,0
2024-12-16T14:12:37.000,95.55,Bank Service Charge / VAT,LAGOS_NGR,Corporate_Mobile_Banking,0.82,0
2024-12-18T04:37:53.000,95.65,Bank Service Charge / VAT,LAGOS_NGR,Corporate_Mobile_Banking,0.82,0
2024-12-19T19:03:09.000,95.75,Bank Service Charge / VAT,LAGOS_NGR,Corporate_Mobile_Banking,0.82,0
2024-12-21T09:28:25.000,95.84,Bank Service Charge / VAT,LAGOS_NGR,Corporate_Mobile_Banking,0.82,0
2024-12-22T23:53:41.000,95.94,Bank Service Charge / VAT,LAGOS_NGR,Corporate_Mobile_Banking,0.82,0
2024-12-24T14:18:56.000,96.04,Bank Service Charge / VAT,LAGOS_NGR,Corporate_Mobile_Banking,0.82,0
2024-12-26T04:44:12.000,96.13,Bank Service Charge / VAT,LAGOS_NGR,Corporate_Mobile_Banking,0.82,0
2024-12-27T19:09:28.000,96.23,Bank Service Charge / VAT,LAGOS_NGR,Corporate_Mobile_Banking,0.82,0
2024-12-29T09:34:44.000,96.33,Bank Service Charge / VAT,LAGOS_NGR,Corporate_Mobile_Banking,0.82,0
2024-12-31T00:00:00.000,96.42,Bank Service Charge / VAT,LAGOS_NGR,Corporate_Mobile_Banking,0.82,0
