,timestamp,amount,merchant,user_location,channel,risk_score
89,2024-07-09T00:00:00.000,94.6,OTHER_MERCHANT_ROUTING,LAGOS_NGR,Mobile_App,0.82
90,2023-08-24T00:00:00.000,10,OTHER_MERCHANT_ROUTING,LAGOS_NGR,OneBank_App,0.82
91,2023-08-16T00:00:00.000,50,OTHER_MERCHANT_ROUTING,LAGOS_NGR,Mobile_App,0.82
92,2024-06-27T00:00:00.000,100,OTHER_MERCHANT_ROUTING,LAGOS_NGR,Mobile_App,0.82
93,2023-06-20T00:00:00.000,50,OTHER_MERCHANT_ROUTING,LAGOS_NGR,Mobile_App,0.82
94,2023-06-27T00:00:00.000,50,OTHER_MERCHANT_ROUTING,LAGOS_NGR,Mobile_App,0.82
95,2023-06-30T00:00:00.000,50,OTHER_MERCHANT_ROUTING,LAGOS_NGR,Mobile_App,0.82
96,2023-07-03T00:00:00.000,50,OTHER_MERCHANT_ROUTING,LAGOS_NGR,Mobile_App,0.82
97,2023-07-10T00:00:00.000,83.1,OTHER_MERCHANT_ROUTING,LAGOS_NGR,Mobile_App,0.82
98,2023-08-10T00:00:00.000,50,OTHER_MERCHANT_ROUTING,LAGOS_NGR,Mobile_App,0.82
99,2023-08-07T00:00:00.000,124.7,OTHER_MERCHANT_ROUTING,LAGOS_NGR,Mobile_App,0.82
100,2024-06-25T00:00:00.000,50,OTHER_MERCHANT_ROUTING,LAGOS_NGR,Mobile_App,0.82
101,2023-07-12T00:00:00.000,50,OTHER_MERCHANT_ROUTING,LAGOS_NGR,Mobile_App,0.82
102,2023-07-17T00:00:00.000,50,OTHER_MERCHANT_ROUTING,LAGOS_NGR,Mobile_App,0.82
103,2023-08-01T00:00:00.000,50,OTHER_MERCHANT_ROUTING,LAGOS_NGR,Mobile_App,0.82
104,2024-07-16T00:00:00.000,50,OTHER_MERCHANT_ROUTING,LAGOS_NGR,Mobile_App,0.82
105,2023-07-28T00:00:00.000,50,OTHER_MERCHANT_ROUTING,LAGOS_NGR,Mobile_App,0.82
106,2023-09-05T00:00:00.000,107.5,OTHER_MERCHANT_ROUTING,LAGOS_NGR,Mobile_App,0.82
107,2024-10-17T00:00:00.000,10,OTHER_MERCHANT_ROUTING,LAGOS_NGR,OneBank_App,0.82
108,2024-10-17T00:00:00.000,0.75,OTHER_MERCHANT_ROUTING,LAGOS_NGR,OneBank_App,0.82
109,2024-10-10T00:00:00.000,25,OTHER_MERCHANT_ROUTING,LAGOS_NGR,OneBank_App,0.82
110,2024-10-10T00:00:00.000,1.88,OTHER_MERCHANT_ROUTING,LAGOS_NGR,OneBank_App,0.82
111,2024-10-09T00:00:00.000,10,OTHER_MERCHANT_ROUTING,LAGOS_NGR,OneBank_App,0.82
112,2024-10-09T00:00:00.000,0.75,OTHER_MERCHANT_ROUTING,LAGOS_NGR,OneBank_App,0.82
113,2024-10-03T00:00:00.000,10,OTHER_MERCHANT_ROUTING,LAGOS_NGR,OneBank_App,0.82
114,2024-10-03T00:00:00.000,0.75,OTHER_MERCHANT_ROUTING,LAGOS_NGR,OneBank_App,0.82
115,2024-10-03T00:00:00.000,10,OTHER_MERCHANT_ROUTING,LAGOS_NGR,OneBank_App,0.82
116,2024-10-03T00:00:00.000,0.75,OTHER_MERCHANT_ROUTING,LAGOS_NGR,OneBank_App,0.82
117,2024-10-03T00:00:00.000,10,OTHER_MERCHANT_ROUTING,LAGOS_NGR,OneBank_App,0.82
118,2024-10-03T00:00:00.000,0.75,OTHER_MERCHANT_ROUTING,LAGOS_NGR,OneBank_App,0.82
119,2024-10-02T00:00:00.000,10,OTHER_MERCHANT_ROUTING,LAGOS_NGR,OneBank_App,0.82
120,2024-10-02T00:00:00.000,0.75,OTHER_MERCHANT_ROUTING,LAGOS_NGR,OneBank_App,0.82
121,2024-07-24T00:00:00.000,50,OTHER_MERCHANT_ROUTING,LAGOS_NGR,Mobile_App,0.82
122,2024-10-01T00:00:00.000,0.75,OTHER_MERCHANT_ROUTING,LAGOS_NGR,OneBank_App,0.82
123,2024-08-27T00:00:00.000,50,OTHER_MERCHANT_ROUTING,LAGOS_NGR,Mobile_App,0.82
124,2024-10-25T00:00:00.000,0.75,OTHER_MERCHANT_ROUTING,LAGOS_NGR,OneBank_App,0.82
125,2024-08-12T00:00:00.000,206.4,OTHER_MERCHANT_ROUTING,LAGOS_NGR,Mobile_App,0.82
126,2024-08-12T00:00:00.000,50,OTHER_MERCHANT_ROUTING,LAGOS_NGR,Mobile_App,0.82
127,2023-05-31T00:00:00.000,50,OTHER_MERCHANT_ROUTING,LAGOS_NGR,Mobile_App,0.82
128,2023-06-13T00:00:00.000,83.1,OTHER_MERCHANT_ROUTING,LAGOS_NGR,Mobile_App,0.82
129,2024-07-26T00:00:00.000,50,OTHER_MERCHANT_ROUTING,LAGOS_NGR,Mobile_App,0.82
130,2024-07-25T00:00:00.000,1.88,OTHER_MERCHANT_ROUTING,LAGOS_NGR,OneBank_App,0.82
131,2024-07-25T00:00:00.000,36500,OTHER_MERCHANT_ROUTING,LAGOS_NGR,OneBank_App,0.82
132,2023-06-13T00:00:00.000,50,OTHER_MERCHANT_ROUTING,LAGOS_NGR,Mobile_App,0.82
133,2023-06-16T00:00:00.000,50,OTHER_MERCHANT_ROUTING,LAGOS_NGR,Mobile_App,0.82
134,2023-09-14T00:00:00.000,50,OTHER_MERCHANT_ROUTING,LAGOS_NGR,Mobile_App,0.82
135,2023-06-19T00:00:00.000,50,OTHER_MERCHANT_ROUTING,LAGOS_NGR,Mobile_App,0.82
136,2024-07-23T00:00:00.000,50,OTHER_MERCHANT_ROUTING,LAGOS_NGR,Mobile_App,0.82
137,2024-10-01T00:00:00.000,10,OTHER_MERCHANT_ROUTING,LAGOS_NGR,OneBank_App,0.82
138,2024-05-27T00:00:00.000,75,OTHER_MERCHANT_ROUTING,LAGOS_NGR,Mobile_App,0.82
139,2024-05-27T00:00:00.000,1000,OTHER_MERCHANT_ROUTING,LAGOS_NGR,Mobile_App,0.82
140,2024-05-27T00:00:00.000,1000,OTHER_MERCHANT_ROUTING,LAGOS_NGR,Mobile_App,0.82
141,2024-02-05T00:00:00.000,129,OTHER_MERCHANT_ROUTING,LAGOS_NGR,Mobile_App,0.82
142,2024-02-07T00:00:00.000,50,OTHER_MERCHANT_ROUTING,LAGOS_NGR,Mobile_App,0.82
143,2024-02-08T00:00:00.000,50,OTHER_MERCHANT_ROUTING,LAGOS_NGR,Mobile_App,0.82
144,2024-05-17T00:00:00.000,50,OTHER_MERCHANT_ROUTING,LAGOS_NGR,Mobile_App,0.82
145,2024-05-06T00:00:00.000,81.7,OTHER_MERCHANT_ROUTING,LAGOS_NGR,Mobile_App,0.82
146,2024-04-26T00:00:00.000,50,OTHER_MERCHANT_ROUTING,LAGOS_NGR,Mobile_App,0.82
147,2024-04-24T00:00:00.000,50,OTHER_MERCHANT_ROUTING,LAGOS_NGR,Mobile_App,0.82
148,2024-04-08T00:00:00.000,68.8,OTHER_MERCHANT_ROUTING,LAGOS_NGR,Mobile_App,0.82
149,2024-02-09T00:00:00.000,50,OTHER_MERCHANT_ROUTING,LAGOS_NGR,Mobile_App,0.82
150,2023-09-14T00:00:00.000,50,OTHER_MERCHANT_ROUTING,LAGOS_NGR,OneBank_App,0.82
151,2024-04-08T00:00:00.000,50,OTHER_MERCHANT_ROUTING,LAGOS_NGR,Mobile_App,0.82
152,2024-03-26T00:00:00.000,50,OTHER_MERCHANT_ROUTING,LAGOS_NGR,Mobile_App,0.82
153,2024-03-22T00:00:00.000,50,OTHER_MERCHANT_ROUTING,LAGOS_NGR,Mobile_App,0.82
154,2024-02-20T00:00:00.000,50,OTHER_MERCHANT_ROUTING,LAGOS_NGR,Mobile_App,0.82
155,2024-03-12T00:00:00.000,50,OTHER_MERCHANT_ROUTING,LAGOS_NGR,Mobile_App,0.82
156,2024-03-11T00:00:00.000,50,OTHER_MERCHANT_ROUTING,LAGOS_NGR,Mobile_App,0.82
157,2024-03-07T00:00:00.000,50,OTHER_MERCHANT_ROUTING,LAGOS_NGR,Mobile_App,0.82
158,2024-03-04T00:00:00.000,146.2,OTHER_MERCHANT_ROUTING,LAGOS_NGR,Mobile_App,0.82
159,2024-02-29T00:00:00.000,50,OTHER_MERCHANT_ROUTING,LAGOS_NGR,Mobile_App,0.82
160,2024-02-22T00:00:00.000,50,OTHER_MERCHANT_ROUTING,LAGOS_NGR,Mobile_App,0.82
161,2024-02-26T00:00:00.000,50,OTHER_MERCHANT_ROUTING,LAGOS_NGR,Mobile_App,0.82
162,2024-02-26T00:00:00.000,50,OTHER_MERCHANT_ROUTING,LAGOS_NGR,Mobile_App,0.82
163,2024-02-26T00:00:00.000,50,OTHER_MERCHANT_ROUTING,LAGOS_NGR,Mobile_App,0.82
164,2024-02-13T00:00:00.000,50,OTHER_MERCHANT_ROUTING,LAGOS_NGR,Mobile_App,0.82
165,2023-09-14T00:00:00.000,50,OTHER_MERCHANT_ROUTING,LAGOS_NGR,OneBank_App,0.82
166,2023-09-14T00:00:00.000,50,OTHER_MERCHANT_ROUTING,LAGOS_NGR,OneBank_App,0.82
167,2023-09-18T00:00:00.000,10,OTHER_MERCHANT_ROUTING,LAGOS_NGR,OneBank_App,0.82
168,2024-06-24T00:00:00.000,50,OTHER_MERCHANT_ROUTING,LAGOS_NGR,Mobile_App,0.82
169,2023-09-26T00:00:00.000,50,OTHER_MERCHANT_ROUTING,LAGOS_NGR,Mobile_App,0.82
170,2023-10-03T00:00:00.000,50,OTHER_MERCHANT_ROUTING,LAGOS_NGR,Mobile_App,0.82
171,2023-10-09T00:00:00.000,154.8,OTHER_MERCHANT_ROUTING,LAGOS_NGR,Mobile_App,0.82
172,2023-10-10T00:00:00.000,50,OTHER_MERCHANT_ROUTING,LAGOS_NGR,Mobile_App,0.82
173,2023-10-13T00:00:00.000,50,OTHER_MERCHANT_ROUTING,LAGOS_NGR,Mobile_App,0.82
174,2023-10-17T00:00:00.000,50,OTHER_MERCHANT_ROUTING,LAGOS_NGR,Mobile_App,0.82
175,2023-10-18T00:00:00.000,50,OTHER_MERCHANT_ROUTING,LAGOS_NGR,Mobile_App,0.82
176,2023-11-03T00:00:00.000,50,OTHER_MERCHANT_ROUTING,LAGOS_NGR,Mobile_App,0.82
177,2024-01-30T00:00:00.000,50,OTHER_MERCHANT_ROUTING,LAGOS_NGR,Mobile_App,0.82
178,2023-11-06T00:00:00.000,120.4,OTHER_MERCHANT_ROUTING,LAGOS_NGR,Mobile_App,0.82
179,2023-11-06T00:00:00.000,50,OTHER_MERCHANT_ROUTING,LAGOS_NGR,Mobile_App,0.82
180,2023-11-10T00:00:00.000,50,OTHER_MERCHANT_ROUTING,LAGOS_NGR,Mobile_App,0.82
181,2023-11-28T00:00:00.000,50,OTHER_MERCHANT_ROUTING,LAGOS_NGR,Mobile_App,0.82
182,2024-06-10T00:00:00.000,50,OTHER_MERCHANT_ROUTING,LAGOS_NGR,Mobile_App,0.82
183,2023-11-28T00:00:00.000,50,OTHER_MERCHANT_ROUTING,LAGOS_NGR,Mobile_App,0.82
184,2023-12-07T00:00:00.000,120.4,OTHER_MERCHANT_ROUTING,LAGOS_NGR,Mobile_App,0.82
185,2023-12-18T00:00:00.000,50,OTHER_MERCHANT_ROUTING,LAGOS_NGR,Mobile_App,0.82
186,2024-05-28T00:00:00.000,50,OTHER_MERCHANT_ROUTING,LAGOS_NGR,Mobile_App,0.82
187,2023-12-28T00:00:00.000,50,OTHER_MERCHANT_ROUTING,LAGOS_NGR,Mobile_App,0.82
188,2023-12-29T00:00:00.000,50,OTHER_MERCHANT_ROUTING,LAGOS_NGR,Mobile_App,0.82
189,2024-01-09T00:00:00.000,107.5,OTHER_MERCHANT_ROUTING,LAGOS_NGR,Mobile_App,0.82
190,2024-01-17T00:00:00.000,50,OTHER_MERCHANT_ROUTING,LAGOS_NGR,Mobile_App,0.82
191,2024-06-13T00:00:00.000,172,OTHER_MERCHANT_ROUTING,LAGOS_NGR,Mobile_App,0.82
192,2026-04-09T00:00:00.000,3.75,OTHER_MERCHANT_ROUTING,LAGOS_NGR,Mobile_App,0.82
193,2026-04-09T00:00:00.000,50,OTHER_MERCHANT_ROUTING,LAGOS_NGR,Mobile_App,0.82
194,2026-04-06T00:00:00.000,50,OTHER_MERCHANT_ROUTING,LAGOS_NGR,OneBank_App,0.82
195,2026-04-04T00:00:00.000,50,OTHER_MERCHANT_ROUTING,LAGOS_NGR,OneBank_App,0.82
196,2026-03-29T00:00:00.000,50,OTHER_MERCHANT_ROUTING,LAGOS_NGR,OneBank_App,0.82
197,2026-03-28T00:00:00.000,303.15,OTHER_MERCHANT_ROUTING,LAGOS_NGR,Mobile_App,0.82
198,2026-03-28T00:00:00.000,367.65,OTHER_MERCHANT_ROUTING,LAGOS_NGR,Mobile_App,0.82
199,2026-03-28T00:00:00.000,50,OTHER_MERCHANT_ROUTING,LAGOS_NGR,OneBank_App,0.82
200,2026-03-28T00:00:00.000,316.05,OTHER_MERCHANT_ROUTING,LAGOS_NGR,Mobile_App,0.82
201,2026-03-27T00:00:00.000,50,OTHER_MERCHANT_ROUTING,LAGOS_NGR,OneBank_App,0.82
202,2026-03-27T00:00:00.000,50,OTHER_MERCHANT_ROUTING,LAGOS_NGR,OneBank_App,0.82
203,2026-03-27T00:00:00.000,50,OTHER_MERCHANT_ROUTING,LAGOS_NGR,OneBank_App,0.82
204,2026-03-27T00:00:00.000,50,OTHER_MERCHANT_ROUTING,LAGOS_NGR,OneBank_App,0.82
205,2026-03-27T00:00:00.000,50,OTHER_MERCHANT_ROUTING,LAGOS_NGR,OneBank_App,0.82
206,2026-03-26T00:00:00.000,50,OTHER_MERCHANT_ROUTING,LAGOS_NGR,OneBank_App,0.82
207,2023-06-05T00:00:00.000,50,OTHER_MERCHANT_ROUTING,LAGOS_NGR,Mobile_App,0.82
208,2026-02-13T00:00:00.000,50,OTHER_MERCHANT_ROUTING,LAGOS_NGR,OneBank_App,0.82
209,2026-02-15T00:00:00.000,50,OTHER_MERCHANT_ROUTING,LAGOS_NGR,OneBank_App,0.82
210,2026-02-15T00:00:00.000,50,OTHER_MERCHANT_ROUTING,LAGOS_NGR,OneBank_App,0.82
211,2026-02-17T00:00:00.000,50,OTHER_MERCHANT_ROUTING,LAGOS_NGR,OneBank_App,0.82
212,2026-02-17T00:00:00.000,50,OTHER_MERCHANT_ROUTING,LAGOS_NGR,OneBank_App,0.82
213,2026-02-17T00:00:00.000,50,OTHER_MERCHANT_ROUTING,LAGOS_NGR,OneBank_App,0.82
214,2026-02-25T00:00:00.000,50,OTHER_MERCHANT_ROUTING,LAGOS_NGR,OneBank_App,0.82
215,2026-03-26T00:00:00.000,50,OTHER_MERCHANT_ROUTING,LAGOS_NGR,OneBank_App,0.82
216,2026-02-28T00:00:00.000,50,OTHER_MERCHANT_ROUTING,LAGOS_NGR,OneBank_App,0.82
217,2026-02-28T00:00:00.000,50,OTHER_MERCHANT_ROUTING,LAGOS_NGR,OneBank_App,0.82
218,2026-03-02T00:00:00.000,50,OTHER_MERCHANT_ROUTING,LAGOS_NGR,OneBank_App,0.82
219,2026-03-02T00:00:00.000,50,OTHER_MERCHANT_ROUTING,LAGOS_NGR,OneBank_App,0.82
220,2026-03-04T00:00:00.000,50,OTHER_MERCHANT_ROUTING,LAGOS_NGR,OneBank_App,0.82
221,2026-03-24T00:00:00.000,50,OTHER_MERCHANT_ROUTING,LAGOS_NGR,OneBank_App,0.82
222,2026-03-25T00:00:00.000,50,OTHER_MERCHANT_ROUTING,LAGOS_NGR,OneBank_App,0.82
223,2026-03-25T00:00:00.000,50,OTHER_MERCHANT_ROUTING,LAGOS_NGR,OneBank_App,0.82
224,2026-02-26T00:00:00.000,50,OTHER_MERCHANT_ROUTING,LAGOS_NGR,POS_Terminal,0.82
225,2026-05-11T00:00:00.000,50,OTHER_MERCHANT_ROUTING,LAGOS_NGR,OneBank_App,0.82
226,2026-05-11T00:00:00.000,50,OTHER_MERCHANT_ROUTING,LAGOS_NGR,OneBank_App,0.82
227,2026-05-11T00:00:00.000,50,OTHER_MERCHANT_ROUTING,LAGOS_NGR,OneBank_App,0.82
228,2026-05-11T00:00:00.000,50,OTHER_MERCHANT_ROUTING,LAGOS_NGR,OneBank_App,0.82
229,2026-05-11T00:00:00.000,50,OTHER_MERCHANT_ROUTING,LAGOS_NGR,OneBank_App,0.82
230,2026-05-11T00:00:00.000,50,OTHER_MERCHANT_ROUTING,LAGOS_NGR,OneBank_App,0.82
231,2026-05-11T00:00:00.000,50,OTHER_MERCHANT_ROUTING,LAGOS_NGR,OneBank_App,0.82
232,2026-04-09T00:00:00.000,70.95,OTHER_MERCHANT_ROUTING,LAGOS_NGR,Mobile_App,0.82
233,2026-05-11T00:00:00.000,50,OTHER_MERCHANT_ROUTING,LAGOS_NGR,OneBank_App,0.82
234,2022-03-07T00:00:00.000,23.22,OTHER_MERCHANT_ROUTING,LAGOS_NGR,Mobile_App,0.82
235,2022-03-28T00:00:00.000,19.67,OTHER_MERCHANT_ROUTING,LAGOS_NGR,Mobile_App,0.82
236,2022-01-31T00:00:00.000,50,OTHER_MERCHANT_ROUTING,LAGOS_NGR,Mobile_App,0.82
237,2026-05-11T00:00:00.000,50,OTHER_MERCHANT_ROUTING,LAGOS_NGR,OneBank_App,0.82
238,2026-05-11T00:00:00.000,50,OTHER_MERCHANT_ROUTING,LAGOS_NGR,OneBank_App,0.82
239,2026-05-11T00:00:00.000,50,OTHER_MERCHANT_ROUTING,LAGOS_NGR,OneBank_App,0.82
240,2026-05-11T00:00:00.000,50,OTHER_MERCHANT_ROUTING,LAGOS_NGR,OneBank_App,0.82
241,2026-05-11T00:00:00.000,50,OTHER_MERCHANT_ROUTING,LAGOS_NGR,OneBank_App,0.82
242,2026-04-11T00:00:00.000,45.15,OTHER_MERCHANT_ROUTING,LAGOS_NGR,Mobile_App,0.82
243,2026-04-12T00:00:00.000,161.25,OTHER_MERCHANT_ROUTING,LAGOS_NGR,Mobile_App,0.82
244,2026-04-16T00:00:00.000,50,OTHER_MERCHANT_ROUTING,LAGOS_NGR,OneBank_App,0.82
245,2026-04-23T00:00:00.000,50,OTHER_MERCHANT_ROUTING,LAGOS_NGR,POS_Terminal,0.82
246,2026-04-24T00:00:00.000,50,OTHER_MERCHANT_ROUTING,LAGOS_NGR,OneBank_App,0.82
247,2026-04-27T00:00:00.000,50,OTHER_MERCHANT_ROUTING,LAGOS_NGR,OneBank_App,0.82
248,2026-05-06T00:00:00.000,38.7,OTHER_MERCHANT_ROUTING,LAGOS_NGR,Mobile_App,0.82
249,2026-05-11T00:00:00.000,50,OTHER_MERCHANT_ROUTING,LAGOS_NGR,OneBank_App,0.82
250,2026-05-06T00:00:00.000,32.25,OTHER_MERCHANT_ROUTING,LAGOS_NGR,Mobile_App,0.82
251,2026-05-06T00:00:00.000,77.4,OTHER_MERCHANT_ROUTING,LAGOS_NGR,Mobile_App,0.82
252,2026-05-11T00:00:00.000,50,OTHER_MERCHANT_ROUTING,LAGOS_NGR,OneBank_App,0.82
253,2026-05-11T00:00:00.000,50,OTHER_MERCHANT_ROUTING,LAGOS_NGR,OneBank_App,0.82
254,2026-05-11T00:00:00.000,50,OTHER_MERCHANT_ROUTING,LAGOS_NGR,OneBank_App,0.82
255,2026-05-11T00:00:00.000,50,OTHER_MERCHANT_ROUTING,LAGOS_NGR,OneBank_App,0.82
256,2026-05-11T00:00:00.000,50,OTHER_MERCHANT_ROUTING,LAGOS_NGR,OneBank_App,0.82
257,2026-05-11T00:00:00.000,50,OTHER_MERCHANT_ROUTING,LAGOS_NGR,OneBank_App,0.82
258,2026-05-06T00:00:00.000,6.45,OTHER_MERCHANT_ROUTING,LAGOS_NGR,Mobile_App,0.82
259,2025-04-02T00:00:00.000,50,OTHER_MERCHANT_ROUTING,LAGOS_NGR,Mobile_App,0.82
260,2025-03-15T00:00:00.000,68.8,OTHER_MERCHANT_ROUTING,LAGOS_NGR,Mobile_App,0.82
261,2025-02-25T00:00:00.000,25,OTHER_MERCHANT_ROUTING,LAGOS_NGR,OneBank_App,0.82
262,2025-02-25T00:00:00.000,1.88,OTHER_MERCHANT_ROUTING,LAGOS_NGR,OneBank_App,0.82
263,2025-02-13T00:00:00.000,94.6,OTHER_MERCHANT_ROUTING,LAGOS_NGR,Mobile_App,0.82
264,2025-01-31T00:00:00.000,94.6,OTHER_MERCHANT_ROUTING,LAGOS_NGR,Mobile_App,0.82
265,2025-01-27T00:00:00.000,25,OTHER_MERCHANT_ROUTING,LAGOS_NGR,OneBank_App,0.82
266,2025-01-27T00:00:00.000,1.88,OTHER_MERCHANT_ROUTING,LAGOS_NGR,OneBank_App,0.82
267,2025-01-14T00:00:00.000,25,OTHER_MERCHANT_ROUTING,LAGOS_NGR,OneBank_App,0.82
268,2025-01-14T00:00:00.000,1.88,OTHER_MERCHANT_ROUTING,LAGOS_NGR,OneBank_App,0.82
269,2025-01-10T00:00:00.000,25,OTHER_MERCHANT_ROUTING,LAGOS_NGR,OneBank_App,0.82
270,2025-01-10T00:00:00.000,1.88,OTHER_MERCHANT_ROUTING,LAGOS_NGR,OneBank_App,0.82
271,2024-12-30T00:00:00.000,3.75,OTHER_MERCHANT_ROUTING,LAGOS_NGR,Mobile_App,0.82
272,2024-12-30T00:00:00.000,50,OTHER_MERCHANT_ROUTING,LAGOS_NGR,Mobile_App,0.82
273,2024-12-23T00:00:00.000,10,OTHER_MERCHANT_ROUTING,LAGOS_NGR,OneBank_App,0.82
274,2026-02-11T00:00:00.000,50,OTHER_MERCHANT_ROUTING,LAGOS_NGR,OneBank_App,0.82
275,2024-10-25T00:00:00.000,10,OTHER_MERCHANT_ROUTING,LAGOS_NGR,OneBank_App,0.82
276,2024-10-28T00:00:00.000,1.88,OTHER_MERCHANT_ROUTING,LAGOS_NGR,OneBank_App,0.82
277,2024-10-28T00:00:00.000,25,OTHER_MERCHANT_ROUTING,LAGOS_NGR,OneBank_App,0.82
278,2024-10-31T00:00:00.000,146.2,OTHER_MERCHANT_ROUTING,LAGOS_NGR,Mobile_App,0.82
279,2024-11-07T00:00:00.000,1.88,OTHER_MERCHANT_ROUTING,LAGOS_NGR,OneBank_App,0.82
280,2024-11-07T00:00:00.000,25,OTHER_MERCHANT_ROUTING,LAGOS_NGR,OneBank_App,0.82
281,2024-11-25T00:00:00.000,0.75,OTHER_MERCHANT_ROUTING,LAGOS_NGR,OneBank_App,0.82
282,2024-12-23T00:00:00.000,0.75,OTHER_MERCHANT_ROUTING,LAGOS_NGR,OneBank_App,0.82
283,2024-11-26T00:00:00.000,0.75,OTHER_MERCHANT_ROUTING,LAGOS_NGR,OneBank_App,0.82
284,2024-11-26T00:00:00.000,10,OTHER_MERCHANT_ROUTING,LAGOS_NGR,OneBank_App,0.82
285,2024-12-04T00:00:00.000,50,OTHER_MERCHANT_ROUTING,LAGOS_NGR,Mobile_App,0.82
286,2024-12-04T00:00:00.000,3.75,OTHER_MERCHANT_ROUTING,LAGOS_NGR,Mobile_App,0.82
287,2024-12-09T00:00:00.000,1.88,OTHER_MERCHANT_ROUTING,LAGOS_NGR,OneBank_App,0.82
288,2024-12-09T00:00:00.000,25,OTHER_MERCHANT_ROUTING,LAGOS_NGR,OneBank_App,0.82
289,2024-12-13T00:00:00.000,25.8,OTHER_MERCHANT_ROUTING,LAGOS_NGR,Mobile_App,0.82
290,2024-12-13T00:00:00.000,167.7,OTHER_MERCHANT_ROUTING,LAGOS_NGR,Mobile_App,0.82
291,2024-11-25T00:00:00.000,10,OTHER_MERCHANT_ROUTING,LAGOS_NGR,OneBank_App,0.82
292,2026-01-09T00:00:00.000,50,OTHER_MERCHANT_ROUTING,LAGOS_NGR,OneBank_App,0.82
293,2026-01-11T00:00:00.000,50,OTHER_MERCHANT_ROUTING,LAGOS_NGR,Mobile_App,0.82
294,2026-01-26T00:00:00.000,50,OTHER_MERCHANT_ROUTING,LAGOS_NGR,OneBank_App,0.82
295,2026-01-27T00:00:00.000,50,OTHER_MERCHANT_ROUTING,LAGOS_NGR,OneBank_App,0.82
296,2026-01-28T00:00:00.000,50,OTHER_MERCHANT_ROUTING,LAGOS_NGR,OneBank_App,0.82
297,2026-01-28T00:00:00.000,50,OTHER_MERCHANT_ROUTING,LAGOS_NGR,OneBank_App,0.82
298,2026-01-28T00:00:00.000,50,OTHER_MERCHANT_ROUTING,LAGOS_NGR,OneBank_App,0.82
299,2025-04-02T00:00:00.000,3.75,OTHER_MERCHANT_ROUTING,LAGOS_NGR,Mobile_App,0.82
300,2026-01-30T00:00:00.000,50,OTHER_MERCHANT_ROUTING,LAGOS_NGR,OneBank_App,0.82
301,2026-02-05T00:00:00.000,50,OTHER_MERCHANT_ROUTING,LAGOS_NGR,OneBank_App,0.82
302,2026-02-05T00:00:00.000,50,OTHER_MERCHANT_ROUTING,LAGOS_NGR,OneBank_App,0.82
303,2026-02-05T00:00:00.000,50,OTHER_MERCHANT_ROUTING,LAGOS_NGR,OneBank_App,0.82
304,2026-02-11T00:00:00.000,50,OTHER_MERCHANT_ROUTING,LAGOS_NGR,OneBank_App,0.82
305,2026-02-11T00:00:00.000,50,OTHER_MERCHANT_ROUTING,LAGOS_NGR,OneBank_App,0.82
306,2026-02-11T00:00:00.000,50,OTHER_MERCHANT_ROUTING,LAGOS_NGR,OneBank_App,0.82
307,2026-02-11T00:00:00.000,50,OTHER_MERCHANT_ROUTING,LAGOS_NGR,OneBank_App,0.82
308,2026-01-28T00:00:00.000,50,OTHER_MERCHANT_ROUTING,LAGOS_NGR,OneBank_App,0.82
309,2025-04-11T00:00:00.000,60.2,OTHER_MERCHANT_ROUTING,LAGOS_NGR,Mobile_App,0.82
310,2025-05-15T00:00:00.000,184.9,OTHER_MERCHANT_ROUTING,LAGOS_NGR,Mobile_App,0.82
311,2025-06-11T00:00:00.000,184.9,OTHER_MERCHANT_ROUTING,LAGOS_NGR,Mobile_App,0.82
312,2025-06-30T00:00:00.000,50,OTHER_MERCHANT_ROUTING,LAGOS_NGR,Mobile_App,0.82
313,2025-06-30T00:00:00.000,3.75,OTHER_MERCHANT_ROUTING,LAGOS_NGR,Mobile_App,0.82
314,2025-08-14T00:00:00.000,6000,OTHER_MERCHANT_ROUTING,LAGOS_NGR,OneBank_App,0.82
315,2025-08-20T00:00:00.000,4000,OTHER_MERCHANT_ROUTING,LAGOS_NGR,OneBank_App,0.82
316,2026-01-03T00:00:00.000,50,OTHER_MERCHANT_ROUTING,LAGOS_NGR,OneBank_App,0.82
317,2025-09-30T00:00:00.000,50,OTHER_MERCHANT_ROUTING,LAGOS_NGR,Mobile_App,0.82
318,2025-09-30T00:00:00.000,3.75,OTHER_MERCHANT_ROUTING,LAGOS_NGR,Mobile_App,0.82
319,2025-10-16T00:00:00.000,219.3,OTHER_MERCHANT_ROUTING,LAGOS_NGR,Mobile_App,0.82
320,2025-10-31T00:00:00.000,621.35,OTHER_MERCHANT_ROUTING,LAGOS_NGR,Mobile_App,0.82
321,2025-11-14T00:00:00.000,361.2,OTHER_MERCHANT_ROUTING,LAGOS_NGR,Mobile_App,0.82
322,2025-12-31T00:00:00.000,50,OTHER_MERCHANT_ROUTING,LAGOS_NGR,Mobile_App,0.82
323,2025-12-31T00:00:00.000,3.75,OTHER_MERCHANT_ROUTING,LAGOS_NGR,Mobile_App,0.82
324,2026-01-02T00:00:00.000,50,OTHER_MERCHANT_ROUTING,LAGOS_NGR,OneBank_App,0.82
325,2025-09-14T00:00:00.000,464.4,OTHER_MERCHANT_ROUTING,LAGOS_NGR,Mobile_App,0.82
326,2022-10-26T00:00:00.000,50,OTHER_MERCHANT_ROUTING,LAGOS_NGR,Mobile_App,0.82
327,2022-09-26T00:00:00.000,42.57,OTHER_MERCHANT_ROUTING,LAGOS_NGR,Mobile_App,0.82
328,2026-05-13T00:00:00.000,50,OTHER_MERCHANT_ROUTING,LAGOS_NGR,OneBank_App,0.82
329,2023-03-24T00:00:00.000,50,OTHER_MERCHANT_ROUTING,LAGOS_NGR,Mobile_App,0.82
330,2022-05-09T00:00:00.000,17.09,OTHER_MERCHANT_ROUTING,LAGOS_NGR,Mobile_App,0.82
331,2022-09-26T00:00:00.000,6.98,OTHER_MERCHANT_ROUTING,LAGOS_NGR,USSD,0.82
332,2022-05-10T00:00:00.000,50,OTHER_MERCHANT_ROUTING,LAGOS_NGR,Mobile_App,0.82
333,2023-04-11T00:00:00.000,50,OTHER_MERCHANT_ROUTING,LAGOS_NGR,Mobile_App,0.82
334,2022-09-26T00:00:00.000,6.98,OTHER_MERCHANT_ROUTING,LAGOS_NGR,USSD,0.82
335,2026-05-12T00:00:00.000,50,OTHER_MERCHANT_ROUTING,LAGOS_NGR,OneBank_App,0.82
336,2022-10-24T00:00:00.000,75.14,OTHER_MERCHANT_ROUTING,LAGOS_NGR,Mobile_App,0.82
337,2023-01-19T00:00:00.000,50,OTHER_MERCHANT_ROUTING,LAGOS_NGR,Mobile_App,0.82
338,2026-05-12T00:00:00.000,50,OTHER_MERCHANT_ROUTING,LAGOS_NGR,OneBank_App,0.82
339,2022-12-22T00:00:00.000,50,OTHER_MERCHANT_ROUTING,LAGOS_NGR,Mobile_App,0.82
340,2022-07-25T00:00:00.000,10,OTHER_MERCHANT_ROUTING,LAGOS_NGR,Mobile_App,0.82
341,2026-05-12T00:00:00.000,50,OTHER_MERCHANT_ROUTING,LAGOS_NGR,OneBank_App,0.82
342,2026-05-12T00:00:00.000,50,OTHER_MERCHANT_ROUTING,LAGOS_NGR,OneBank_App,0.82
343,2022-09-05T00:00:00.000,10,OTHER_MERCHANT_ROUTING,LAGOS_NGR,Mobile_App,0.82
344,2022-10-28T00:00:00.000,50,OTHER_MERCHANT_ROUTING,LAGOS_NGR,OneBank_App,0.82
345,2022-07-01T00:00:00.000,10,OTHER_MERCHANT_ROUTING,LAGOS_NGR,Mobile_App,0.82
346,2023-05-08T00:00:00.000,83.31,OTHER_MERCHANT_ROUTING,LAGOS_NGR,Mobile_App,0.82
347,2023-04-25T00:00:00.000,50,OTHER_MERCHANT_ROUTING,LAGOS_NGR,Mobile_App,0.82
348,2023-03-27T00:00:00.000,50,OTHER_MERCHANT_ROUTING,LAGOS_NGR,Mobile_App,0.82
349,2023-03-13T00:00:00.000,56.44,OTHER_MERCHANT_ROUTING,LAGOS_NGR,Mobile_App,0.82
350,2023-02-10T00:00:00.000,0.01,OTHER_MERCHANT_ROUTING,LAGOS_NGR,OneBank_App,0.82
351,2022-04-28T00:00:00.000,10,OTHER_MERCHANT_ROUTING,LAGOS_NGR,Mobile_App,0.82
352,2022-01-31T00:00:00.000,17.42,OTHER_MERCHANT_ROUTING,LAGOS_NGR,Mobile_App,0.82
353,2022-09-26T00:00:00.000,6.98,OTHER_MERCHANT_ROUTING,LAGOS_NGR,USSD,0.82
354,2023-03-31T00:00:00.000,50,OTHER_MERCHANT_ROUTING,LAGOS_NGR,Mobile_App,0.82
355,2023-02-13T00:00:00.000,80.63,OTHER_MERCHANT_ROUTING,LAGOS_NGR,Mobile_App,0.82
356,2023-03-17T00:00:00.000,10,OTHER_MERCHANT_ROUTING,LAGOS_NGR,OneBank_App,0.82
357,2023-01-24T00:00:00.000,50,OTHER_MERCHANT_ROUTING,LAGOS_NGR,Mobile_App,0.82
358,2022-09-26T00:00:00.000,6.98,OTHER_MERCHANT_ROUTING,LAGOS_NGR,USSD,0.82
359,2023-04-20T00:00:00.000,50,OTHER_MERCHANT_ROUTING,LAGOS_NGR,Mobile_App,0.82
360,2022-12-14T00:00:00.000,50,OTHER_MERCHANT_ROUTING,LAGOS_NGR,Mobile_App,0.82
361,2022-10-26T00:00:00.000,50,OTHER_MERCHANT_ROUTING,LAGOS_NGR,Mobile_App,0.82
362,2026-05-12T00:00:00.000,50,OTHER_MERCHANT_ROUTING,LAGOS_NGR,POS_Terminal,0.82
363,2022-08-16T00:00:00.000,25,OTHER_MERCHANT_ROUTING,LAGOS_NGR,Mobile_App,0.82
364,2023-04-04T00:00:00.000,25,OTHER_MERCHANT_ROUTING,LAGOS_NGR,OneBank_App,0.82
365,2022-06-27T00:00:00.000,22.9,OTHER_MERCHANT_ROUTING,LAGOS_NGR,Mobile_App,0.82
366,2022-08-29T00:00:00.000,10,OTHER_MERCHANT_ROUTING,LAGOS_NGR,Mobile_App,0.82
367,2023-02-22T00:00:00.000,50,OTHER_MERCHANT_ROUTING,LAGOS_NGR,Mobile_App,0.82
368,2022-09-29T00:00:00.000,6.98,OTHER_MERCHANT_ROUTING,LAGOS_NGR,USSD,0.82
369,2023-01-04T00:00:00.000,50,OTHER_MERCHANT_ROUTING,LAGOS_NGR,Mobile_App,0.82
370,2022-10-04T00:00:00.000,6.98,OTHER_MERCHANT_ROUTING,LAGOS_NGR,USSD,0.82
371,2022-10-26T00:00:00.000,50,OTHER_MERCHANT_ROUTING,LAGOS_NGR,Mobile_App,0.82
372,2022-06-29T00:00:00.000,10,OTHER_MERCHANT_ROUTING,LAGOS_NGR,Mobile_App,0.82
373,2026-05-12T00:00:00.000,50,OTHER_MERCHANT_ROUTING,LAGOS_NGR,POS_Terminal,0.82
374,2023-05-25T00:00:00.000,50,OTHER_MERCHANT_ROUTING,LAGOS_NGR,Mobile_App,0.82
375,2022-11-28T00:00:00.000,50.36,OTHER_MERCHANT_ROUTING,LAGOS_NGR,Mobile_App,0.82
376,2023-04-11T00:00:00.000,104.81,OTHER_MERCHANT_ROUTING,LAGOS_NGR,Mobile_App,0.82
377,2022-09-26T00:00:00.000,6.98,OTHER_MERCHANT_ROUTING,LAGOS_NGR,USSD,0.82
378,2022-08-29T00:00:00.000,20.32,OTHER_MERCHANT_ROUTING,LAGOS_NGR,Mobile_App,0.82
379,2022-09-01T00:00:00.000,50,OTHER_MERCHANT_ROUTING,LAGOS_NGR,Mobile_App,0.82
380,2023-03-20T00:00:00.000,50,OTHER_MERCHANT_ROUTING,LAGOS_NGR,Mobile_App,0.82
381,2022-08-01T00:00:00.000,23.22,OTHER_MERCHANT_ROUTING,LAGOS_NGR,Mobile_App,0.82
382,2023-03-23T00:00:00.000,10,OTHER_MERCHANT_ROUTING,LAGOS_NGR,OneBank_App,0.82
383,2023-02-28T00:00:00.000,50,OTHER_MERCHANT_ROUTING,LAGOS_NGR,Mobile_App,0.82
384,2022-05-30T00:00:00.000,20,OTHER_MERCHANT_ROUTING,LAGOS_NGR,Mobile_App,0.82
385,2022-08-15T00:00:00.000,50,OTHER_MERCHANT_ROUTING,LAGOS_NGR,Mobile_App,0.82
386,2022-12-28T00:00:00.000,18.81,OTHER_MERCHANT_ROUTING,LAGOS_NGR,Mobile_App,0.82
387,2023-01-16T00:00:00.000,50,OTHER_MERCHANT_ROUTING,LAGOS_NGR,Mobile_App,0.82
